id,user_id,action,details,ip_address,user_agent,created_at,updated_at
5e3dae62-023c-4960-b663-bca6dd1e3105,6b67c1fe-36e3-4283-a6ca-dfe4a9adba20,login,[object Object],59.103.122.81,"Mozilla/5.0 (Linux; Android 10; K) AppleWebKit/537.36 (KHTML, like Gecko) Chrome/148.0.0.0 Mobile Safari/537.36",2026-05-24T07:11:24.270332+00:00,2026-05-24T07:11:24.270332+00:00
4100d5a3-7532-48ff-983c-f308fb6e4aa9,6b67c1fe-36e3-4283-a6ca-dfe4a9adba20,login,[object Object],59.103.122.81,"Mozilla/5.0 (Linux; Android 10; K) AppleWebKit/537.36 (KHTML, like Gecko) Chrome/148.0.0.0 Mobile Safari/537.36",2026-05-24T05:42:00.407332+00:00,2026-05-24T05:42:00.407332+00:00
869b81f3-7131-4353-bb3b-b564dac7c487,6b67c1fe-36e3-4283-a6ca-dfe4a9adba20,login,[object Object],59.103.122.81,"Mozilla/5.0 (Linux; Android 10; K) AppleWebKit/537.36 (KHTML, like Gecko) Chrome/148.0.0.0 Mobile Safari/537.36",2026-05-24T05:25:20.206618+00:00,2026-05-24T05:25:20.206618+00:00
7a039309-2c42-4a0d-bb8c-667e116b11f1,6b67c1fe-36e3-4283-a6ca-dfe4a9adba20,login,[object Object],::1,"Mozilla/5.0 (Windows NT 10.0; Win64; x64) AppleWebKit/537.36 (KHTML, like Gecko) Chrome/148.0.0.0 Safari/537.36",2026-05-22T14:29:21.236602+00:00,2026-05-22T14:29:21.236602+00:00
0e3ff21a-d04d-402c-a8c7-8c2c7909d833,6b67c1fe-36e3-4283-a6ca-dfe4a9adba20,login,[object Object],59.103.122.81,"Mozilla/5.0 (Linux; Android 10; K) AppleWebKit/537.36 (KHTML, like Gecko) Chrome/148.0.0.0 Mobile Safari/537.36",2026-05-22T07:21:59.525992+00:00,2026-05-22T07:21:59.525992+00:00
880f218d-1bb2-4f23-a532-bc86d99c1b6e,6b67c1fe-36e3-4283-a6ca-dfe4a9adba20,login,[object Object],59.103.122.81,"Mozilla/5.0 (Linux; Android 10; K) AppleWebKit/537.36 (KHTML, like Gecko) Chrome/148.0.0.0 Mobile Safari/537.36",2026-05-22T06:51:48.552856+00:00,2026-05-22T06:51:48.552856+00:00
7d5c7ea4-155c-4881-8ccd-bc5fc211d986,6b67c1fe-36e3-4283-a6ca-dfe4a9adba20,login,[object Object],59.103.122.23,"Mozilla/5.0 (Linux; Android 10; K) AppleWebKit/537.36 (KHTML, like Gecko) Chrome/148.0.0.0 Mobile Safari/537.36",2026-05-21T08:16:13.83594+00:00,2026-05-21T08:16:13.83594+00:00
499e29b9-f6f6-4d89-91c6-3e26aeb4ebf4,6b67c1fe-36e3-4283-a6ca-dfe4a9adba20,login,[object Object],59.103.122.23,"Mozilla/5.0 (Linux; Android 10; K) AppleWebKit/537.36 (KHTML, like Gecko) Chrome/148.0.0.0 Mobile Safari/537.36",2026-05-21T06:08:39.385743+00:00,2026-05-21T06:08:39.385743+00:00
405ae846-3acf-40eb-9dc6-13a9f9dcb229,6b67c1fe-36e3-4283-a6ca-dfe4a9adba20,login,[object Object],59.103.122.23,"Mozilla/5.0 (Linux; Android 10; K) AppleWebKit/537.36 (KHTML, like Gecko) Chrome/148.0.0.0 Mobile Safari/537.36",2026-05-21T04:41:07.342721+00:00,2026-05-21T04:41:07.342721+00:00
e7cf6f6f-c7e9-41c1-b2fd-123f4041c944,6b67c1fe-36e3-4283-a6ca-dfe4a9adba20,login,[object Object],59.103.122.23,"Mozilla/5.0 (Linux; Android 10; K) AppleWebKit/537.36 (KHTML, like Gecko) Chrome/148.0.0.0 Mobile Safari/537.36",2026-05-20T07:25:18.218886+00:00,2026-05-20T07:25:18.218886+00:00
6ef983f3-697c-4d6e-913d-b198936629f4,6b67c1fe-36e3-4283-a6ca-dfe4a9adba20,logout,[object Object],59.103.122.23,"Mozilla/5.0 (Linux; Android 10; K) AppleWebKit/537.36 (KHTML, like Gecko) Chrome/148.0.0.0 Mobile Safari/537.36",2026-05-19T09:26:57.292564+00:00,2026-05-19T09:26:57.292564+00:00
bcc8cfdb-2784-4d3f-b8ba-53dce9cc77bd,6b67c1fe-36e3-4283-a6ca-dfe4a9adba20,login,[object Object],59.103.122.23,"Mozilla/5.0 (Linux; Android 10; K) AppleWebKit/537.36 (KHTML, like Gecko) Chrome/148.0.0.0 Mobile Safari/537.36",2026-05-19T09:26:01.106505+00:00,2026-05-19T09:26:01.106505+00:00
729c4a57-d978-47b2-9c34-38287a398b07,6b67c1fe-36e3-4283-a6ca-dfe4a9adba20,login,[object Object],59.103.122.23,"Mozilla/5.0 (Linux; Android 10; K) AppleWebKit/537.36 (KHTML, like Gecko) Chrome/148.0.0.0 Mobile Safari/537.36",2026-05-19T06:18:35.821476+00:00,2026-05-19T06:18:35.821476+00:00
4963b44c-7f87-482d-bfd3-d65ccec3f1a0,6b67c1fe-36e3-4283-a6ca-dfe4a9adba20,login,[object Object],59.103.122.23,"Mozilla/5.0 (Linux; Android 10; K) AppleWebKit/537.36 (KHTML, like Gecko) Chrome/148.0.0.0 Mobile Safari/537.36",2026-05-19T03:36:35.41697+00:00,2026-05-19T03:36:35.41697+00:00
0227d3a7-9df1-4cbd-b1ec-5c84ac0bc675,6b67c1fe-36e3-4283-a6ca-dfe4a9adba20,login,[object Object],::1,"Mozilla/5.0 (Windows NT 10.0; Win64; x64) AppleWebKit/537.36 (KHTML, like Gecko) Chrome/148.0.0.0 Safari/537.36",2026-05-18T18:32:26.491965+00:00,2026-05-18T18:32:26.491965+00:00
4dc3a708-0327-4359-908d-8495915a5010,6b67c1fe-36e3-4283-a6ca-dfe4a9adba20,login,[object Object],::1,"Mozilla/5.0 (Windows NT 10.0; Win64; x64) AppleWebKit/537.36 (KHTML, like Gecko) Chrome/148.0.0.0 Safari/537.36",2026-05-18T18:09:47.341823+00:00,2026-05-18T18:09:47.341823+00:00
49e8413a-4b7c-401a-b511-53bf661c0982,6b67c1fe-36e3-4283-a6ca-dfe4a9adba20,login,[object Object],59.103.122.81,"Mozilla/5.0 (Linux; Android 10; K) AppleWebKit/537.36 (KHTML, like Gecko) Chrome/148.0.0.0 Mobile Safari/537.36",2026-05-18T17:53:24.88773+00:00,2026-05-18T17:53:24.88773+00:00
1a70281b-98c6-469b-b3fd-75b10072bc1b,6b67c1fe-36e3-4283-a6ca-dfe4a9adba20,login,[object Object],::1,"Mozilla/5.0 (Windows NT 10.0; Win64; x64) AppleWebKit/537.36 (KHTML, like Gecko) Chrome/148.0.0.0 Safari/537.36",2026-05-18T15:54:17.577095+00:00,2026-05-18T15:54:17.577095+00:00
d42fe6c3-9799-448d-8db4-c49b11c9e905,6b67c1fe-36e3-4283-a6ca-dfe4a9adba20,login,[object Object],37.111.156.113,"Mozilla/5.0 (Linux; Android 10; K) AppleWebKit/537.36 (KHTML, like Gecko) Chrome/148.0.0.0 Mobile Safari/537.36",2026-05-18T15:26:06.25778+00:00,2026-05-18T15:26:06.25778+00:00
292bf306-15c8-4d0c-b0b5-b69308f932d6,6b67c1fe-36e3-4283-a6ca-dfe4a9adba20,login,[object Object],37.111.148.15,"Mozilla/5.0 (Linux; Android 10; K) AppleWebKit/537.36 (KHTML, like Gecko) Chrome/148.0.0.0 Mobile Safari/537.36",2026-05-18T13:35:56.697508+00:00,2026-05-18T13:35:56.697508+00:00
1b3f368c-f757-485e-a7d8-3fdd505364e0,6b67c1fe-36e3-4283-a6ca-dfe4a9adba20,login,[object Object],59.103.122.23,"Mozilla/5.0 (Linux; Android 10; K) AppleWebKit/537.36 (KHTML, like Gecko) Chrome/148.0.0.0 Mobile Safari/537.36",2026-05-18T09:29:12.460482+00:00,2026-05-18T09:29:12.460482+00:00
91b42d2d-c41a-44da-a507-8bfef83183fa,6b67c1fe-36e3-4283-a6ca-dfe4a9adba20,login,[object Object],59.103.122.23,"Mozilla/5.0 (Linux; Android 10; K) AppleWebKit/537.36 (KHTML, like Gecko) Chrome/148.0.0.0 Mobile Safari/537.36",2026-05-18T09:25:56.129199+00:00,2026-05-18T09:25:56.129199+00:00
ea247d73-68ac-48cc-9c99-5e245b1dee02,6b67c1fe-36e3-4283-a6ca-dfe4a9adba20,login,[object Object],::1,"Mozilla/5.0 (Windows NT 10.0; Win64; x64) AppleWebKit/537.36 (KHTML, like Gecko) Chrome/148.0.0.0 Safari/537.36",2026-05-18T09:17:18.887831+00:00,2026-05-18T09:17:18.887831+00:00
17d091ab-b028-4de4-981e-f6b692414be0,6b67c1fe-36e3-4283-a6ca-dfe4a9adba20,login,[object Object],::1,"Mozilla/5.0 (Windows NT 10.0; Win64; x64) AppleWebKit/537.36 (KHTML, like Gecko) Chrome/148.0.0.0 Safari/537.36",2026-05-18T08:43:02.986916+00:00,2026-05-18T08:43:02.986916+00:00
c6bc7aaa-9eec-4bbc-989e-50f7bf236c4b,6b67c1fe-36e3-4283-a6ca-dfe4a9adba20,login,[object Object],59.103.122.23,"Mozilla/5.0 (Linux; Android 10; K) AppleWebKit/537.36 (KHTML, like Gecko) Chrome/148.0.0.0 Mobile Safari/537.36",2026-05-18T06:14:29.174056+00:00,2026-05-18T06:14:29.174056+00:00
1b35cc92-b45b-4b06-8762-2e7ccaf94c8f,6b67c1fe-36e3-4283-a6ca-dfe4a9adba20,login,[object Object],59.103.122.23,"Mozilla/5.0 (Linux; Android 10; K) AppleWebKit/537.36 (KHTML, like Gecko) Chrome/148.0.0.0 Mobile Safari/537.36",2026-05-18T05:48:25.620545+00:00,2026-05-18T05:48:25.620545+00:00
c3ae7a5d-09d4-4ae6-9d50-16b46126ef48,6b67c1fe-36e3-4283-a6ca-dfe4a9adba20,login,[object Object],59.103.122.23,"Mozilla/5.0 (Linux; Android 10; K) AppleWebKit/537.36 (KHTML, like Gecko) Chrome/148.0.0.0 Mobile Safari/537.36",2026-05-18T03:42:47.971657+00:00,2026-05-18T03:42:47.971657+00:00
6943e1d4-569e-496d-a843-6173a72b6764,6b67c1fe-36e3-4283-a6ca-dfe4a9adba20,login,[object Object],59.103.122.23,"Mozilla/5.0 (Linux; Android 10; K) AppleWebKit/537.36 (KHTML, like Gecko) Chrome/148.0.0.0 Mobile Safari/537.36",2026-05-18T03:22:30.790559+00:00,2026-05-18T03:22:30.790559+00:00
25c15f64-89fe-42b5-8f03-9b21bd0aaf59,6b67c1fe-36e3-4283-a6ca-dfe4a9adba20,login,[object Object],::1,"Mozilla/5.0 (Windows NT 10.0; Win64; x64) AppleWebKit/537.36 (KHTML, like Gecko) Chrome/148.0.0.0 Safari/537.36",2026-05-17T18:59:07.109399+00:00,2026-05-17T18:59:07.109399+00:00
762d490c-6793-4fcc-8713-679844422c52,6b67c1fe-36e3-4283-a6ca-dfe4a9adba20,login,[object Object],37.111.145.87,"Mozilla/5.0 (Windows NT 10.0; Win64; x64) AppleWebKit/537.36 (KHTML, like Gecko) Chrome/148.0.0.0 Safari/537.36",2026-05-17T18:57:19.744226+00:00,2026-05-17T18:57:19.744226+00:00
d21d6207-ba16-4d21-937b-53576f555b78,6b67c1fe-36e3-4283-a6ca-dfe4a9adba20,logout,[object Object],37.111.144.250,"Mozilla/5.0 (Linux; Android 10; K) AppleWebKit/537.36 (KHTML, like Gecko) Chrome/148.0.0.0 Mobile Safari/537.36",2026-05-17T14:19:43.970432+00:00,2026-05-17T14:19:43.970432+00:00
7fffee7f-cba2-4da8-aa7e-154b8001943d,6b67c1fe-36e3-4283-a6ca-dfe4a9adba20,login,[object Object],::1,"Mozilla/5.0 (Windows NT 10.0; Win64; x64) AppleWebKit/537.36 (KHTML, like Gecko) Chrome/148.0.0.0 Safari/537.36",2026-05-17T13:43:23.942624+00:00,2026-05-17T13:43:23.942624+00:00
a3d1887c-8e3a-4186-9ff3-8a9ed7125a98,6b67c1fe-36e3-4283-a6ca-dfe4a9adba20,logout,[object Object],::1,"Mozilla/5.0 (Windows NT 10.0; Win64; x64) AppleWebKit/537.36 (KHTML, like Gecko) Chrome/148.0.0.0 Safari/537.36",2026-05-17T13:41:58.327232+00:00,2026-05-17T13:41:58.327232+00:00
fa87cee6-564a-4ab1-86aa-42838a9a8ff4,6b67c1fe-36e3-4283-a6ca-dfe4a9adba20,login,[object Object],::1,"Mozilla/5.0 (Windows NT 10.0; Win64; x64) AppleWebKit/537.36 (KHTML, like Gecko) Chrome/148.0.0.0 Safari/537.36",2026-05-17T13:41:46.63294+00:00,2026-05-17T13:41:46.63294+00:00
9c0b6ff6-ed04-47e3-ab71-e45a77380118,6b67c1fe-36e3-4283-a6ca-dfe4a9adba20,login,[object Object],::1,"Mozilla/5.0 (Windows NT 10.0; Win64; x64) AppleWebKit/537.36 (KHTML, like Gecko) Chrome/148.0.0.0 Safari/537.36",2026-05-17T12:48:01.195213+00:00,2026-05-17T12:48:01.195213+00:00
e5c96e7d-71f3-48d2-9c35-3d01b7043e5d,6b67c1fe-36e3-4283-a6ca-dfe4a9adba20,login,[object Object],::1,"Mozilla/5.0 (Windows NT 10.0; Win64; x64) AppleWebKit/537.36 (KHTML, like Gecko) Chrome/148.0.0.0 Safari/537.36",2026-05-17T12:13:41.998173+00:00,2026-05-17T12:13:41.998173+00:00
2839bb92-3e7f-42ff-aec9-e995a4c0f59b,6b67c1fe-36e3-4283-a6ca-dfe4a9adba20,login,[object Object],223.123.15.231,"Mozilla/5.0 (Linux; Android 10; K) AppleWebKit/537.36 (KHTML, like Gecko) Chrome/148.0.0.0 Mobile Safari/537.36",2026-05-17T11:55:27.206129+00:00,2026-05-17T11:55:27.206129+00:00
0d049b11-0139-4f63-a9fc-a48af2965595,6b67c1fe-36e3-4283-a6ca-dfe4a9adba20,login,[object Object],223.123.15.231,"Mozilla/5.0 (Windows NT 10.0; Win64; x64) AppleWebKit/537.36 (KHTML, like Gecko) Chrome/148.0.0.0 Safari/537.36",2026-05-17T11:52:02.892787+00:00,2026-05-17T11:52:02.892787+00:00
3a8dea93-bf06-42a2-b2cd-a13d0ab35c75,6b67c1fe-36e3-4283-a6ca-dfe4a9adba20,login,[object Object],::1,"Mozilla/5.0 (Windows NT 10.0; Win64; x64) AppleWebKit/537.36 (KHTML, like Gecko) Chrome/148.0.0.0 Safari/537.36",2026-05-17T11:15:50.259275+00:00,2026-05-17T11:15:50.259275+00:00
0dbd03e5-5ad9-45b7-8b8b-3746c80f9d85,6b67c1fe-36e3-4283-a6ca-dfe4a9adba20,login,[object Object],::1,"Mozilla/5.0 (Windows NT 10.0; Win64; x64) AppleWebKit/537.36 (KHTML, like Gecko) Chrome/148.0.0.0 Safari/537.36",2026-05-17T10:47:09.051208+00:00,2026-05-17T10:47:09.051208+00:00
906413e4-c209-40b5-9945-c010d99c2dc5,6b67c1fe-36e3-4283-a6ca-dfe4a9adba20,login,[object Object],::1,"Mozilla/5.0 (Windows NT 10.0; Win64; x64) AppleWebKit/537.36 (KHTML, like Gecko) Chrome/148.0.0.0 Safari/537.36",2026-05-17T10:10:26.069518+00:00,2026-05-17T10:10:26.069518+00:00
37dae2f6-6f1d-408e-8b39-96160f7ccaf4,6b67c1fe-36e3-4283-a6ca-dfe4a9adba20,login,[object Object],::1,"Mozilla/5.0 (Windows NT 10.0; Win64; x64) AppleWebKit/537.36 (KHTML, like Gecko) Chrome/148.0.0.0 Safari/537.36",2026-05-17T09:26:13.201802+00:00,2026-05-17T09:26:13.201802+00:00
326c5b95-6914-40be-85cb-0b726354d2d9,6b67c1fe-36e3-4283-a6ca-dfe4a9adba20,login,[object Object],::ffff:10.191.248.91,"Mozilla/5.0 (Linux; Android 10; K) AppleWebKit/537.36 (KHTML, like Gecko) Chrome/148.0.0.0 Mobile Safari/537.36",2026-05-17T08:58:19.38411+00:00,2026-05-17T08:58:19.38411+00:00
cba9b35d-2690-4e48-b4c9-1b879ed8976c,6b67c1fe-36e3-4283-a6ca-dfe4a9adba20,login,[object Object],::1,"Mozilla/5.0 (Windows NT 10.0; Win64; x64) AppleWebKit/537.36 (KHTML, like Gecko) Chrome/148.0.0.0 Safari/537.36",2026-05-17T08:33:26.902084+00:00,2026-05-17T08:33:26.902084+00:00
491a1be7-3e94-4f0a-b347-afbc2363d260,6b67c1fe-36e3-4283-a6ca-dfe4a9adba20,login,[object Object],::1,"Mozilla/5.0 (Windows NT 10.0; Win64; x64) AppleWebKit/537.36 (KHTML, like Gecko) Chrome/148.0.0.0 Safari/537.36",2026-05-17T07:56:19.901549+00:00,2026-05-17T07:56:19.901549+00:00
1541c7dc-00ca-4c83-aa41-489a05f51a5e,6b67c1fe-36e3-4283-a6ca-dfe4a9adba20,login,[object Object],::1,"Mozilla/5.0 (Windows NT 10.0; Win64; x64) AppleWebKit/537.36 (KHTML, like Gecko) Chrome/148.0.0.0 Safari/537.36",2026-05-17T07:10:38.995413+00:00,2026-05-17T07:10:38.995413+00:00
3dcebcfd-b8a5-4496-a54d-726dbdfa76c9,6b67c1fe-36e3-4283-a6ca-dfe4a9adba20,login,[object Object],37.111.150.208,"Mozilla/5.0 (Linux; Android 10; K) AppleWebKit/537.36 (KHTML, like Gecko) Chrome/148.0.0.0 Mobile Safari/537.36",2026-05-16T15:58:14.304717+00:00,2026-05-16T15:58:14.304717+00:00
4e4eecd7-9996-4aa6-811c-6c9250270302,6b67c1fe-36e3-4283-a6ca-dfe4a9adba20,logout,[object Object],223.123.9.173,"Mozilla/5.0 (Linux; Android 10; K) AppleWebKit/537.36 (KHTML, like Gecko) Chrome/148.0.0.0 Mobile Safari/537.36",2026-05-16T15:17:25.194601+00:00,2026-05-16T15:17:25.194601+00:00
c2b6138e-e9c7-4281-bc42-26d6a179286c,6b67c1fe-36e3-4283-a6ca-dfe4a9adba20,login,[object Object],223.123.21.100,"Mozilla/5.0 (Linux; Android 10; K) AppleWebKit/537.36 (KHTML, like Gecko) Chrome/148.0.0.0 Mobile Safari/537.36",2026-05-16T12:53:48.125074+00:00,2026-05-16T12:53:48.125074+00:00
74cd1e1f-d18c-4546-8740-8ee5e89e752a,6b67c1fe-36e3-4283-a6ca-dfe4a9adba20,login,[object Object],223.123.21.100,"Mozilla/5.0 (Linux; Android 10; K) AppleWebKit/537.36 (KHTML, like Gecko) Chrome/148.0.0.0 Mobile Safari/537.36",2026-05-16T12:52:52.138144+00:00,2026-05-16T12:52:52.138144+00:00
39fe87d2-7608-41fb-a236-02dd577a9e51,6b67c1fe-36e3-4283-a6ca-dfe4a9adba20,login,[object Object],223.123.21.100,"Mozilla/5.0 (Linux; Android 10; K) AppleWebKit/537.36 (KHTML, like Gecko) Chrome/148.0.0.0 Mobile Safari/537.36",2026-05-16T12:52:05.315783+00:00,2026-05-16T12:52:05.315783+00:00
d5ceb54d-c584-4e53-ad4d-6e7259202309,6b67c1fe-36e3-4283-a6ca-dfe4a9adba20,login,[object Object],223.123.21.100,"Mozilla/5.0 (Linux; Android 10; K) AppleWebKit/537.36 (KHTML, like Gecko) Chrome/148.0.0.0 Mobile Safari/537.36",2026-05-16T12:32:05.384982+00:00,2026-05-16T12:32:05.384982+00:00
2f616601-ef0d-4efe-b2f6-ba9767781f56,6b67c1fe-36e3-4283-a6ca-dfe4a9adba20,login,[object Object],223.123.21.100,"Mozilla/5.0 (Windows NT 10.0; Win64; x64) AppleWebKit/537.36 (KHTML, like Gecko) Chrome/148.0.0.0 Safari/537.36",2026-05-16T12:26:09.025054+00:00,2026-05-16T12:26:09.025054+00:00
5859abc2-1614-4ba0-a19c-5460a5f7f1b1,6b67c1fe-36e3-4283-a6ca-dfe4a9adba20,login,[object Object],::1,"Mozilla/5.0 (Windows NT 10.0; Win64; x64) AppleWebKit/537.36 (KHTML, like Gecko) Chrome/148.0.0.0 Safari/537.36",2026-05-16T12:20:07.610627+00:00,2026-05-16T12:20:07.610627+00:00
72c17794-dbf1-41af-a018-fe0116b79c2e,6b67c1fe-36e3-4283-a6ca-dfe4a9adba20,login,[object Object],223.123.21.100,"Mozilla/5.0 (Windows NT 10.0; Win64; x64) AppleWebKit/537.36 (KHTML, like Gecko) Chrome/148.0.0.0 Safari/537.36",2026-05-16T12:19:05.84646+00:00,2026-05-16T12:19:05.84646+00:00
7f790f5a-a0f5-48a1-8a5d-6fdda233e7e1,6b67c1fe-36e3-4283-a6ca-dfe4a9adba20,login,[object Object],223.123.21.100,"Mozilla/5.0 (Windows NT 10.0; Win64; x64) AppleWebKit/537.36 (KHTML, like Gecko) Chrome/148.0.0.0 Safari/537.36",2026-05-16T12:09:34.058309+00:00,2026-05-16T12:09:34.058309+00:00
6b27fe7e-fb40-4307-8a86-037fd2498795,6b67c1fe-36e3-4283-a6ca-dfe4a9adba20,login,[object Object],223.123.21.100,"Mozilla/5.0 (Linux; Android 10; K) AppleWebKit/537.36 (KHTML, like Gecko) Chrome/148.0.0.0 Mobile Safari/537.36",2026-05-16T12:08:55.28017+00:00,2026-05-16T12:08:55.28017+00:00
05618c44-ee24-466d-aec2-ed81df95aee8,6b67c1fe-36e3-4283-a6ca-dfe4a9adba20,logout,[object Object],223.123.21.100,"Mozilla/5.0 (Linux; Android 10; K) AppleWebKit/537.36 (KHTML, like Gecko) Chrome/148.0.0.0 Mobile Safari/537.36",2026-05-16T12:08:28.78139+00:00,2026-05-16T12:08:28.78139+00:00
8f4f499b-5658-49bf-92c8-a983d2525b2f,6b67c1fe-36e3-4283-a6ca-dfe4a9adba20,login,[object Object],223.123.21.100,"Mozilla/5.0 (Linux; Android 10; K) AppleWebKit/537.36 (KHTML, like Gecko) Chrome/148.0.0.0 Mobile Safari/537.36",2026-05-16T12:08:11.909043+00:00,2026-05-16T12:08:11.909043+00:00
21429549-c9e3-49dc-8ca3-c48dc5b75a88,6b67c1fe-36e3-4283-a6ca-dfe4a9adba20,login,[object Object],223.123.21.100,"Mozilla/5.0 (Linux; Android 10; K) AppleWebKit/537.36 (KHTML, like Gecko) Chrome/148.0.0.0 Mobile Safari/537.36",2026-05-16T12:07:03.356945+00:00,2026-05-16T12:07:03.356945+00:00
f0ad9c60-9dd4-456c-9e92-d4cffb07ffb4,6b67c1fe-36e3-4283-a6ca-dfe4a9adba20,login,[object Object],::1,"Mozilla/5.0 (Windows NT 10.0; Win64; x64) AppleWebKit/537.36 (KHTML, like Gecko) Chrome/148.0.0.0 Safari/537.36",2026-05-16T11:53:50.007188+00:00,2026-05-16T11:53:50.007188+00:00
1d357cc1-4497-4183-913e-9b294ac5fcba,6b67c1fe-36e3-4283-a6ca-dfe4a9adba20,login,[object Object],::ffff:10.191.248.91,"Mozilla/5.0 (Linux; Android 10; K) AppleWebKit/537.36 (KHTML, like Gecko) Chrome/148.0.0.0 Mobile Safari/537.36",2026-05-16T11:53:02.951508+00:00,2026-05-16T11:53:02.951508+00:00
3d5bc23f-35e9-4497-a8d1-215808621221,6b67c1fe-36e3-4283-a6ca-dfe4a9adba20,login,[object Object],::ffff:10.191.248.91,"Mozilla/5.0 (Linux; Android 10; K) AppleWebKit/537.36 (KHTML, like Gecko) Chrome/148.0.0.0 Mobile Safari/537.36",2026-05-16T11:51:52.808226+00:00,2026-05-16T11:51:52.808226+00:00
e179fdad-6cef-478c-8ebf-5eeca6c162ea,6b67c1fe-36e3-4283-a6ca-dfe4a9adba20,login,[object Object],223.123.21.100,"Mozilla/5.0 (Linux; Android 10; K) AppleWebKit/537.36 (KHTML, like Gecko) Chrome/148.0.0.0 Mobile Safari/537.36",2026-05-16T11:34:11.123195+00:00,2026-05-16T11:34:11.123195+00:00
e0367800-64e1-43de-910f-6c61fea0f12c,6b67c1fe-36e3-4283-a6ca-dfe4a9adba20,login,[object Object],223.123.21.100,"Mozilla/5.0 (Windows NT 10.0; Win64; x64) AppleWebKit/537.36 (KHTML, like Gecko) Chrome/148.0.0.0 Safari/537.36",2026-05-16T11:25:23.616999+00:00,2026-05-16T11:25:23.616999+00:00
92d9a7d7-718a-41cb-bcb0-5859800ce3f1,6b67c1fe-36e3-4283-a6ca-dfe4a9adba20,login,[object Object],223.123.21.100,"Mozilla/5.0 (Linux; Android 10; K) AppleWebKit/537.36 (KHTML, like Gecko) Chrome/148.0.0.0 Mobile Safari/537.36",2026-05-16T11:20:58.787194+00:00,2026-05-16T11:20:58.787194+00:00
681bb1cc-f132-4390-a4d3-c2ef45eee277,6b67c1fe-36e3-4283-a6ca-dfe4a9adba20,login,[object Object],223.123.12.226,"Mozilla/5.0 (Linux; Android 10; K) AppleWebKit/537.36 (KHTML, like Gecko) Chrome/148.0.0.0 Mobile Safari/537.36",2026-05-16T11:13:53.721531+00:00,2026-05-16T11:13:53.721531+00:00
cf6fa5f2-a055-4238-8d20-8d3bbd837108,6b67c1fe-36e3-4283-a6ca-dfe4a9adba20,login,[object Object],223.123.12.226,"Mozilla/5.0 (Linux; Android 13; Redmi 10C Build/TKQ1.221114.001) AppleWebKit/537.36 (KHTML, like Gecko) Chrome/135.0.7049.79 Mobile Safari/537.36 XiaoMi/MiuiBrowser/14.54.0-gn",2026-05-16T11:11:07.749882+00:00,2026-05-16T11:11:07.749882+00:00
dc3c7e3c-9015-4f6c-a47a-5b16b00bd120,6b67c1fe-36e3-4283-a6ca-dfe4a9adba20,login,[object Object],223.123.12.226,"Mozilla/5.0 (Linux; Android 10; K) AppleWebKit/537.36 (KHTML, like Gecko) Chrome/148.0.0.0 Mobile Safari/537.36",2026-05-16T11:08:34.970216+00:00,2026-05-16T11:08:34.970216+00:00
d27bf1cf-b6c1-4c0f-9ecc-98a0c5921d25,6b67c1fe-36e3-4283-a6ca-dfe4a9adba20,login,[object Object],223.123.12.226,"Mozilla/5.0 (Linux; Android 10; K) AppleWebKit/537.36 (KHTML, like Gecko) Chrome/148.0.0.0 Mobile Safari/537.36",2026-05-16T10:59:29.911795+00:00,2026-05-16T10:59:29.911795+00:00
a27a8470-cb6f-4920-84d3-903bf42221f3,6b67c1fe-36e3-4283-a6ca-dfe4a9adba20,logout,[object Object],223.123.12.226,"Mozilla/5.0 (Linux; Android 10; K) AppleWebKit/537.36 (KHTML, like Gecko) Chrome/148.0.0.0 Mobile Safari/537.36",2026-05-16T10:59:19.8112+00:00,2026-05-16T10:59:19.8112+00:00
6f215225-7bec-447e-8abf-6d53051751b9,6b67c1fe-36e3-4283-a6ca-dfe4a9adba20,login,[object Object],::1,"Mozilla/5.0 (Windows NT 10.0; Win64; x64) AppleWebKit/537.36 (KHTML, like Gecko) Chrome/148.0.0.0 Safari/537.36",2026-05-16T10:55:51.266329+00:00,2026-05-16T10:55:51.266329+00:00
99dba358-f220-4b59-a2cb-6f86afb0a59d,6b67c1fe-36e3-4283-a6ca-dfe4a9adba20,login,[object Object],223.123.12.226,"Mozilla/5.0 (Linux; Android 10; K) AppleWebKit/537.36 (KHTML, like Gecko) Chrome/148.0.0.0 Mobile Safari/537.36",2026-05-16T10:44:42.970306+00:00,2026-05-16T10:44:42.970306+00:00
b3652d79-33c1-4368-933b-f862e5f12273,6b67c1fe-36e3-4283-a6ca-dfe4a9adba20,logout,[object Object],223.123.12.226,"Mozilla/5.0 (Linux; Android 10; K) AppleWebKit/537.36 (KHTML, like Gecko) Chrome/148.0.0.0 Mobile Safari/537.36",2026-05-16T10:44:14.789127+00:00,2026-05-16T10:44:14.789127+00:00
4ba0a5e6-7c1a-47c4-99f8-0fdaa1ad07f8,6b67c1fe-36e3-4283-a6ca-dfe4a9adba20,logout,[object Object],223.123.12.226,"Mozilla/5.0 (Linux; Android 10; K) AppleWebKit/537.36 (KHTML, like Gecko) Chrome/148.0.0.0 Mobile Safari/537.36",2026-05-16T10:44:12.564749+00:00,2026-05-16T10:44:12.564749+00:00
02c9ad30-eead-4cf0-8672-651ed857511b,6b67c1fe-36e3-4283-a6ca-dfe4a9adba20,login,[object Object],223.123.12.226,"Mozilla/5.0 (Linux; Android 10; K) AppleWebKit/537.36 (KHTML, like Gecko) Chrome/148.0.0.0 Mobile Safari/537.36",2026-05-16T10:33:34.024905+00:00,2026-05-16T10:33:34.024905+00:00
a7dd98fb-4d78-44e8-b8b2-cb1fa1dcc05d,6b67c1fe-36e3-4283-a6ca-dfe4a9adba20,logout,[object Object],223.123.12.226,"Mozilla/5.0 (Linux; Android 10; K) AppleWebKit/537.36 (KHTML, like Gecko) Chrome/148.0.0.0 Mobile Safari/537.36",2026-05-16T10:33:20.626186+00:00,2026-05-16T10:33:20.626186+00:00
1af24057-1823-43f5-97da-72affe267493,6b67c1fe-36e3-4283-a6ca-dfe4a9adba20,login,[object Object],223.123.12.226,"Mozilla/5.0 (Linux; Android 10; K) AppleWebKit/537.36 (KHTML, like Gecko) Chrome/148.0.0.0 Mobile Safari/537.36",2026-05-16T10:18:37.352909+00:00,2026-05-16T10:18:37.352909+00:00
069f535e-8bcd-4e23-a16c-5a366108ebee,6b67c1fe-36e3-4283-a6ca-dfe4a9adba20,login,[object Object],223.123.12.226,"Mozilla/5.0 (Linux; Android 10; K) AppleWebKit/537.36 (KHTML, like Gecko) Chrome/148.0.0.0 Mobile Safari/537.36",2026-05-16T10:17:48.996424+00:00,2026-05-16T10:17:48.996424+00:00
60628010-abd3-440c-8c8c-492bc1db44de,6b67c1fe-36e3-4283-a6ca-dfe4a9adba20,logout,[object Object],223.123.12.226,"Mozilla/5.0 (Linux; Android 10; K) AppleWebKit/537.36 (KHTML, like Gecko) Chrome/148.0.0.0 Mobile Safari/537.36",2026-05-16T10:12:55.675735+00:00,2026-05-16T10:12:55.675735+00:00
18283c2b-44cd-4f0c-b97f-7e5228a0ae98,6b67c1fe-36e3-4283-a6ca-dfe4a9adba20,login,[object Object],223.123.12.226,"Mozilla/5.0 (Linux; Android 10; K) AppleWebKit/537.36 (KHTML, like Gecko) Chrome/148.0.0.0 Mobile Safari/537.36",2026-05-16T10:12:41.601463+00:00,2026-05-16T10:12:41.601463+00:00
6a450e28-5c6e-43e7-9ed8-920a84ddc962,6b67c1fe-36e3-4283-a6ca-dfe4a9adba20,logout,[object Object],223.123.12.226,"Mozilla/5.0 (Linux; Android 10; K) AppleWebKit/537.36 (KHTML, like Gecko) Chrome/148.0.0.0 Mobile Safari/537.36",2026-05-16T10:10:50.769289+00:00,2026-05-16T10:10:50.769289+00:00
efa56569-8077-4db6-9d91-ed56e7912621,6b67c1fe-36e3-4283-a6ca-dfe4a9adba20,login,[object Object],223.123.12.226,"Mozilla/5.0 (Linux; Android 10; K) AppleWebKit/537.36 (KHTML, like Gecko) Chrome/148.0.0.0 Mobile Safari/537.36",2026-05-16T10:10:02.524466+00:00,2026-05-16T10:10:02.524466+00:00
6a72dd5d-c8f6-449a-9018-bc5822a7f26e,6b67c1fe-36e3-4283-a6ca-dfe4a9adba20,logout,[object Object],223.123.12.226,"Mozilla/5.0 (Linux; Android 10; K) AppleWebKit/537.36 (KHTML, like Gecko) Chrome/148.0.0.0 Mobile Safari/537.36",2026-05-16T10:09:51.959943+00:00,2026-05-16T10:09:51.959943+00:00
fd083f79-f564-409c-b6ed-5104e5660655,6b67c1fe-36e3-4283-a6ca-dfe4a9adba20,login,[object Object],223.123.12.226,"Mozilla/5.0 (Windows NT 10.0; Win64; x64) AppleWebKit/537.36 (KHTML, like Gecko) Chrome/148.0.0.0 Safari/537.36",2026-05-16T10:08:53.310062+00:00,2026-05-16T10:08:53.310062+00:00
060f1c2a-ed98-40a7-8f76-4b2478d9c8ea,6b67c1fe-36e3-4283-a6ca-dfe4a9adba20,logout,[object Object],223.123.12.226,"Mozilla/5.0 (Linux; Android 10; K) AppleWebKit/537.36 (KHTML, like Gecko) Chrome/148.0.0.0 Mobile Safari/537.36",2026-05-16T10:08:29.90838+00:00,2026-05-16T10:08:29.90838+00:00
6021a89e-0cd3-421b-bdde-052bfe348d47,6b67c1fe-36e3-4283-a6ca-dfe4a9adba20,login,[object Object],223.123.12.226,"Mozilla/5.0 (Linux; Android 10; K) AppleWebKit/537.36 (KHTML, like Gecko) Chrome/148.0.0.0 Mobile Safari/537.36",2026-05-16T10:07:59.705532+00:00,2026-05-16T10:07:59.705532+00:00
a5186b84-f4f0-4c34-8fe1-7c065c75c06e,6b67c1fe-36e3-4283-a6ca-dfe4a9adba20,logout,[object Object],223.123.12.226,"Mozilla/5.0 (Linux; Android 10; K) AppleWebKit/537.36 (KHTML, like Gecko) Chrome/148.0.0.0 Mobile Safari/537.36",2026-05-16T10:06:56.859076+00:00,2026-05-16T10:06:56.859076+00:00
192828c6-134c-4d39-9cce-caab14888207,6b67c1fe-36e3-4283-a6ca-dfe4a9adba20,login,[object Object],223.123.12.226,"Mozilla/5.0 (Linux; Android 10; K) AppleWebKit/537.36 (KHTML, like Gecko) Chrome/148.0.0.0 Mobile Safari/537.36",2026-05-16T10:03:21.420738+00:00,2026-05-16T10:03:21.420738+00:00
6853fcc1-3b92-4d93-9edb-3acc285c91fe,6b67c1fe-36e3-4283-a6ca-dfe4a9adba20,logout,[object Object],223.123.12.226,"Mozilla/5.0 (Linux; Android 10; K) AppleWebKit/537.36 (KHTML, like Gecko) Chrome/148.0.0.0 Mobile Safari/537.36",2026-05-16T09:54:25.190558+00:00,2026-05-16T09:54:25.190558+00:00
dc2a5027-6e69-4f6e-84bc-76f3a093c138,6b67c1fe-36e3-4283-a6ca-dfe4a9adba20,login,[object Object],223.123.12.226,"Mozilla/5.0 (Linux; Android 10; K) AppleWebKit/537.36 (KHTML, like Gecko) Chrome/148.0.0.0 Mobile Safari/537.36",2026-05-16T09:46:35.069866+00:00,2026-05-16T09:46:35.069866+00:00
a291a653-646b-4903-b229-5163036d0013,6b67c1fe-36e3-4283-a6ca-dfe4a9adba20,logout,[object Object],223.123.12.226,"Mozilla/5.0 (Linux; Android 10; K) AppleWebKit/537.36 (KHTML, like Gecko) Chrome/148.0.0.0 Mobile Safari/537.36",2026-05-16T09:46:24.530404+00:00,2026-05-16T09:46:24.530404+00:00
47cc11ac-7225-48fa-bc34-8218b8ab75e5,6b67c1fe-36e3-4283-a6ca-dfe4a9adba20,logout,[object Object],223.123.12.226,"Mozilla/5.0 (Linux; Android 10; K) AppleWebKit/537.36 (KHTML, like Gecko) Chrome/148.0.0.0 Mobile Safari/537.36",2026-05-16T09:46:24.346092+00:00,2026-05-16T09:46:24.346092+00:00
9127f14b-a815-4323-8918-d1d31b79a69a,6b67c1fe-36e3-4283-a6ca-dfe4a9adba20,login,[object Object],223.123.12.226,"Mozilla/5.0 (Linux; Android 10; K) AppleWebKit/537.36 (KHTML, like Gecko) Chrome/148.0.0.0 Mobile Safari/537.36",2026-05-16T09:40:45.377596+00:00,2026-05-16T09:40:45.377596+00:00
84d05aa5-c67e-4c7a-bc15-f44461251958,6b67c1fe-36e3-4283-a6ca-dfe4a9adba20,logout,[object Object],223.123.12.226,"Mozilla/5.0 (Linux; Android 10; K) AppleWebKit/537.36 (KHTML, like Gecko) Chrome/148.0.0.0 Mobile Safari/537.36",2026-05-16T09:40:31.618366+00:00,2026-05-16T09:40:31.618366+00:00
64453c04-1960-49d3-adab-7b95324ee6a5,6b67c1fe-36e3-4283-a6ca-dfe4a9adba20,login,[object Object],223.123.12.226,"Mozilla/5.0 (Linux; Android 10; K) AppleWebKit/537.36 (KHTML, like Gecko) Chrome/148.0.0.0 Mobile Safari/537.36",2026-05-16T09:39:29.379956+00:00,2026-05-16T09:39:29.379956+00:00
a18e60ce-74d4-48ac-812a-04ffa89bde50,6b67c1fe-36e3-4283-a6ca-dfe4a9adba20,login,[object Object],223.123.12.226,"Mozilla/5.0 (Windows NT 10.0; Win64; x64) AppleWebKit/537.36 (KHTML, like Gecko) Chrome/148.0.0.0 Safari/537.36",2026-05-16T09:37:26.379839+00:00,2026-05-16T09:37:26.379839+00:00
18601f4c-58a9-4686-8b17-33eddc8de136,9dfc2b05-678b-4b2c-8cd3-7d23152801fa,logout,[object Object],223.123.12.226,"Mozilla/5.0 (Windows NT 10.0; Win64; x64) AppleWebKit/537.36 (KHTML, like Gecko) Chrome/148.0.0.0 Safari/537.36",2026-05-16T09:36:48.865797+00:00,2026-05-16T09:36:48.865797+00:00
35b745a9-77a9-444e-96d1-9d9b31a11f01,9dfc2b05-678b-4b2c-8cd3-7d23152801fa,login,[object Object],223.123.12.226,"Mozilla/5.0 (Windows NT 10.0; Win64; x64) AppleWebKit/537.36 (KHTML, like Gecko) Chrome/148.0.0.0 Safari/537.36",2026-05-16T09:34:48.3545+00:00,2026-05-16T09:34:48.3545+00:00
ae6cdc37-c838-416f-9f6a-898c221b37a3,6b67c1fe-36e3-4283-a6ca-dfe4a9adba20,logout,[object Object],223.123.12.226,"Mozilla/5.0 (Windows NT 10.0; Win64; x64) AppleWebKit/537.36 (KHTML, like Gecko) Chrome/148.0.0.0 Safari/537.36",2026-05-16T09:33:40.882729+00:00,2026-05-16T09:33:40.882729+00:00
abea8731-0066-47c6-94dc-78195418ca5f,6b67c1fe-36e3-4283-a6ca-dfe4a9adba20,login,[object Object],223.123.12.226,"Mozilla/5.0 (Windows NT 10.0; Win64; x64) AppleWebKit/537.36 (KHTML, like Gecko) Chrome/148.0.0.0 Safari/537.36",2026-05-16T09:26:51.019+00:00,2026-05-16T09:26:51.019+00:00
f90ce736-2c2c-47e5-881d-db4395457065,6b67c1fe-36e3-4283-a6ca-dfe4a9adba20,login,[object Object],::1,"Mozilla/5.0 (Windows NT 10.0; Win64; x64) AppleWebKit/537.36 (KHTML, like Gecko) Chrome/148.0.0.0 Safari/537.36",2026-05-16T08:56:42.228852+00:00,2026-05-16T08:56:42.228852+00:00
d48acaa2-09a1-435c-8304-61c6e27c0f23,6b67c1fe-36e3-4283-a6ca-dfe4a9adba20,logout,[object Object],::1,"Mozilla/5.0 (Windows NT 10.0; Win64; x64) AppleWebKit/537.36 (KHTML, like Gecko) Chrome/148.0.0.0 Safari/537.36",2026-05-16T08:56:30.402579+00:00,2026-05-16T08:56:30.402579+00:00
6a769f7c-156a-4fa4-8c13-8874b661797f,6b67c1fe-36e3-4283-a6ca-dfe4a9adba20,login,[object Object],::1,"Mozilla/5.0 (Windows NT 10.0; Win64; x64) AppleWebKit/537.36 (KHTML, like Gecko) Chrome/148.0.0.0 Safari/537.36",2026-05-16T08:55:43.274354+00:00,2026-05-16T08:55:43.274354+00:00
fe4efa84-5340-4620-9430-ff1a8c66eb74,6b67c1fe-36e3-4283-a6ca-dfe4a9adba20,login,[object Object],::1,"Mozilla/5.0 (Windows NT 10.0; Win64; x64) AppleWebKit/537.36 (KHTML, like Gecko) Chrome/148.0.0.0 Safari/537.36",2026-05-16T08:28:27.026297+00:00,2026-05-16T08:28:27.026297+00:00
b9133f4e-36a8-43fb-886e-2c3fe33f94ec,6b67c1fe-36e3-4283-a6ca-dfe4a9adba20,login,[object Object],59.103.122.81,"Mozilla/5.0 (Linux; Android 10; K) AppleWebKit/537.36 (KHTML, like Gecko) Chrome/148.0.0.0 Mobile Safari/537.36",2026-05-16T08:16:16.241669+00:00,2026-05-16T08:16:16.241669+00:00
ffd1ccdf-ac69-486f-ba76-6d3568d057b9,6b67c1fe-36e3-4283-a6ca-dfe4a9adba20,logout,[object Object],59.103.122.81,"Mozilla/5.0 (Linux; Android 10; K) AppleWebKit/537.36 (KHTML, like Gecko) Chrome/148.0.0.0 Mobile Safari/537.36",2026-05-16T08:15:43.164936+00:00,2026-05-16T08:15:43.164936+00:00
c1d01ae7-30a0-4f59-b943-85a13b616f72,6b67c1fe-36e3-4283-a6ca-dfe4a9adba20,login,[object Object],59.103.122.81,"Mozilla/5.0 (Linux; Android 10; K) AppleWebKit/537.36 (KHTML, like Gecko) Chrome/148.0.0.0 Mobile Safari/537.36",2026-05-16T08:07:01.03649+00:00,2026-05-16T08:07:01.03649+00:00
f34d856b-28da-4aeb-9999-5ecc7973c945,6b67c1fe-36e3-4283-a6ca-dfe4a9adba20,login,[object Object],::1,"Mozilla/5.0 (Windows NT 10.0; Win64; x64) AppleWebKit/537.36 (KHTML, like Gecko) Chrome/148.0.0.0 Safari/537.36",2026-05-16T07:58:44.041231+00:00,2026-05-16T07:58:44.041231+00:00
d1c3c236-be08-4ff3-b3c7-506ffd9037e8,6b67c1fe-36e3-4283-a6ca-dfe4a9adba20,login,[object Object],::ffff:10.252.143.116,"Mozilla/5.0 (Linux; Android 10; K) AppleWebKit/537.36 (KHTML, like Gecko) Chrome/148.0.0.0 Mobile Safari/537.36",2026-05-16T07:47:37.513134+00:00,2026-05-16T07:47:37.513134+00:00
3a7c493f-db6e-4565-bb89-280b732d4b4f,6b67c1fe-36e3-4283-a6ca-dfe4a9adba20,login,[object Object],59.103.122.81,"Mozilla/5.0 (Linux; Android 10; K) AppleWebKit/537.36 (KHTML, like Gecko) Chrome/148.0.0.0 Mobile Safari/537.36",2026-05-16T07:38:37.753539+00:00,2026-05-16T07:38:37.753539+00:00
1471e22e-7d6d-4107-951f-d7044e21a505,6b67c1fe-36e3-4283-a6ca-dfe4a9adba20,login,[object Object],::1,"Mozilla/5.0 (Windows NT 10.0; Win64; x64) AppleWebKit/537.36 (KHTML, like Gecko) Chrome/148.0.0.0 Safari/537.36",2026-05-16T07:24:34.342789+00:00,2026-05-16T07:24:34.342789+00:00
cfe0187d-fe54-4806-b268-4218eea5825b,6b67c1fe-36e3-4283-a6ca-dfe4a9adba20,login,[object Object],::1,"Mozilla/5.0 (Windows NT 10.0; Win64; x64) AppleWebKit/537.36 (KHTML, like Gecko) Chrome/148.0.0.0 Safari/537.36",2026-05-16T06:56:18.534676+00:00,2026-05-16T06:56:18.534676+00:00
f92fe625-17ad-49a0-bc2f-3abe8e181414,6b67c1fe-36e3-4283-a6ca-dfe4a9adba20,login,[object Object],59.103.122.81,"Mozilla/5.0 (Linux; Android 10; K) AppleWebKit/537.36 (KHTML, like Gecko) Chrome/148.0.0.0 Mobile Safari/537.36",2026-05-16T06:54:59.606839+00:00,2026-05-16T06:54:59.606839+00:00
f8ac17f2-36a3-4fce-96a6-194f32d4f15f,6b67c1fe-36e3-4283-a6ca-dfe4a9adba20,logout,[object Object],59.103.122.81,"Mozilla/5.0 (Linux; Android 10; K) AppleWebKit/537.36 (KHTML, like Gecko) Chrome/148.0.0.0 Mobile Safari/537.36",2026-05-16T06:54:50.735744+00:00,2026-05-16T06:54:50.735744+00:00
05077de6-5dca-4891-9dad-ad576a491cc3,6b67c1fe-36e3-4283-a6ca-dfe4a9adba20,login,[object Object],::1,"Mozilla/5.0 (Windows NT 10.0; Win64; x64) AppleWebKit/537.36 (KHTML, like Gecko) Chrome/148.0.0.0 Safari/537.36",2026-05-16T06:32:27.920019+00:00,2026-05-16T06:32:27.920019+00:00
4cf714e4-ca66-4000-8ec2-0ac593630348,6b67c1fe-36e3-4283-a6ca-dfe4a9adba20,login,[object Object],::1,"Mozilla/5.0 (Windows NT 10.0; Win64; x64) AppleWebKit/537.36 (KHTML, like Gecko) Chrome/148.0.0.0 Safari/537.36",2026-05-16T06:16:01.071211+00:00,2026-05-16T06:16:01.071211+00:00
ea3ce467-2ee0-410a-8ca6-6c0dd8087b2a,6b67c1fe-36e3-4283-a6ca-dfe4a9adba20,login,[object Object],::1,"Mozilla/5.0 (Windows NT 10.0; Win64; x64) AppleWebKit/537.36 (KHTML, like Gecko) Chrome/148.0.0.0 Safari/537.36",2026-05-16T05:47:47.373213+00:00,2026-05-16T05:47:47.373213+00:00
853c27c4-2ca9-4212-9a9b-6fc9d488a5e6,6b67c1fe-36e3-4283-a6ca-dfe4a9adba20,login,[object Object],59.103.122.81,"Mozilla/5.0 (Linux; Android 10; K) AppleWebKit/537.36 (KHTML, like Gecko) Chrome/148.0.0.0 Mobile Safari/537.36",2026-05-16T05:37:36.452174+00:00,2026-05-16T05:37:36.452174+00:00
b8d47e12-5b9e-4222-b862-4c2286b7713b,6b67c1fe-36e3-4283-a6ca-dfe4a9adba20,login,[object Object],::1,"Mozilla/5.0 (Windows NT 10.0; Win64; x64) AppleWebKit/537.36 (KHTML, like Gecko) Chrome/148.0.0.0 Safari/537.36",2026-05-16T05:29:13.314649+00:00,2026-05-16T05:29:13.314649+00:00
43862b88-4388-4e02-84b9-b621517ea9de,6b67c1fe-36e3-4283-a6ca-dfe4a9adba20,login,[object Object],37.111.129.74,"Mozilla/5.0 (Windows NT 10.0; Win64; x64) AppleWebKit/537.36 (KHTML, like Gecko) Chrome/148.0.0.0 Safari/537.36",2026-05-16T04:03:21.248431+00:00,2026-05-16T04:03:21.248431+00:00
345a3547-451a-48a6-ab71-7e67e48716f4,6b67c1fe-36e3-4283-a6ca-dfe4a9adba20,login,[object Object],37.111.156.199,"Mozilla/5.0 (Linux; Android 10; K) AppleWebKit/537.36 (KHTML, like Gecko) Chrome/148.0.0.0 Mobile Safari/537.36",2026-05-16T03:34:41.9621+00:00,2026-05-16T03:34:41.9621+00:00
48f292a3-9bad-42cc-90f1-7359cca254ee,6b67c1fe-36e3-4283-a6ca-dfe4a9adba20,logout,[object Object],37.111.156.199,"Mozilla/5.0 (Linux; Android 13; Redmi 10C Build/TKQ1.221114.001) AppleWebKit/537.36 (KHTML, like Gecko) Chrome/135.0.7049.79 Mobile Safari/537.36 XiaoMi/MiuiBrowser/14.54.0-gn",2026-05-16T03:30:32.485502+00:00,2026-05-16T03:30:32.485502+00:00
a17b556f-923f-427a-8445-48421af3f81a,6b67c1fe-36e3-4283-a6ca-dfe4a9adba20,login,[object Object],37.111.156.199,"Mozilla/5.0 (Linux; Android 13; Redmi 10C Build/TKQ1.221114.001) AppleWebKit/537.36 (KHTML, like Gecko) Chrome/135.0.7049.79 Mobile Safari/537.36 XiaoMi/MiuiBrowser/14.54.0-gn",2026-05-16T03:29:24.586228+00:00,2026-05-16T03:29:24.586228+00:00
6372b629-65b9-48d7-9162-a1a276bec55e,6b67c1fe-36e3-4283-a6ca-dfe4a9adba20,login,[object Object],37.111.154.232,"Mozilla/5.0 (Linux; Android 10; K) AppleWebKit/537.36 (KHTML, like Gecko) Chrome/148.0.0.0 Mobile Safari/537.36",2026-05-16T03:05:54.802909+00:00,2026-05-16T03:05:54.802909+00:00
81105ac7-5cca-446e-b2cb-e75ebd29e3fc,6b67c1fe-36e3-4283-a6ca-dfe4a9adba20,login,[object Object],39.61.38.124,"Mozilla/5.0 (Linux; Android 10; K) AppleWebKit/537.36 (KHTML, like Gecko) Chrome/148.0.0.0 Mobile Safari/537.36",2026-05-15T12:45:27.978665+00:00,2026-05-15T12:45:27.978665+00:00
8df28501-c6e9-419b-b6ba-33fa453fb6b7,6b67c1fe-36e3-4283-a6ca-dfe4a9adba20,login,[object Object],59.103.122.81,"Mozilla/5.0 (Linux; Android 10; K) AppleWebKit/537.36 (KHTML, like Gecko) Chrome/148.0.0.0 Mobile Safari/537.36",2026-05-15T06:57:37.295528+00:00,2026-05-15T06:57:37.295528+00:00
8efb1313-783b-4f76-99a6-1c5103824bcf,6b67c1fe-36e3-4283-a6ca-dfe4a9adba20,login,[object Object],59.103.122.81,"Mozilla/5.0 (Linux; Android 10; K) AppleWebKit/537.36 (KHTML, like Gecko) Chrome/148.0.0.0 Mobile Safari/537.36",2026-05-15T06:39:07.620973+00:00,2026-05-15T06:39:07.620973+00:00
04319fa2-2e38-42ef-8aa9-13963d45fe3d,6b67c1fe-36e3-4283-a6ca-dfe4a9adba20,login,[object Object],59.103.122.81,"Mozilla/5.0 (Linux; Android 10; K) AppleWebKit/537.36 (KHTML, like Gecko) Chrome/148.0.0.0 Mobile Safari/537.36",2026-05-15T06:19:30.696274+00:00,2026-05-15T06:19:30.696274+00:00
2cd913f7-4fc4-4e1f-b493-6763744bebd1,6b67c1fe-36e3-4283-a6ca-dfe4a9adba20,login,[object Object],59.103.122.81,"Mozilla/5.0 (Linux; Android 10; K) AppleWebKit/537.36 (KHTML, like Gecko) Chrome/148.0.0.0 Mobile Safari/537.36",2026-05-15T05:59:50.674116+00:00,2026-05-15T05:59:50.674116+00:00
bdd45343-6957-45e9-8251-742d10337b8d,6b67c1fe-36e3-4283-a6ca-dfe4a9adba20,login,[object Object],59.103.122.81,"Mozilla/5.0 (Linux; Android 10; K) AppleWebKit/537.36 (KHTML, like Gecko) Chrome/147.0.0.0 Mobile Safari/537.36",2026-05-14T13:54:03.656287+00:00,2026-05-14T13:54:03.656287+00:00
0136663b-4b5e-4d4d-a21b-660a789c3aac,6b67c1fe-36e3-4283-a6ca-dfe4a9adba20,login,[object Object],59.103.122.81,"Mozilla/5.0 (Linux; Android 10; K) AppleWebKit/537.36 (KHTML, like Gecko) Chrome/147.0.0.0 Mobile Safari/537.36",2026-05-14T13:32:44.815015+00:00,2026-05-14T13:32:44.815015+00:00
1bbb9eb6-ae06-43f6-8b59-91e6266ce728,6b67c1fe-36e3-4283-a6ca-dfe4a9adba20,login,[object Object],37.111.138.29,"Mozilla/5.0 (Linux; Android 10; K) AppleWebKit/537.36 (KHTML, like Gecko) Chrome/148.0.0.0 Mobile Safari/537.36",2026-05-14T13:31:14.584065+00:00,2026-05-14T13:31:14.584065+00:00
c31b233b-9d62-4300-937f-9b6b1df0a312,6b67c1fe-36e3-4283-a6ca-dfe4a9adba20,login,[object Object],59.103.122.23,"Mozilla/5.0 (Linux; Android 10; K) AppleWebKit/537.36 (KHTML, like Gecko) Chrome/148.0.0.0 Mobile Safari/537.36",2026-05-14T03:48:38.746569+00:00,2026-05-14T03:48:38.746569+00:00
7b8ebf47-d4f0-4270-9fe0-530a400856e3,6b67c1fe-36e3-4283-a6ca-dfe4a9adba20,login,[object Object],59.103.122.23,"Mozilla/5.0 (Linux; Android 10; K) AppleWebKit/537.36 (KHTML, like Gecko) Chrome/148.0.0.0 Mobile Safari/537.36",2026-05-13T09:20:19.746166+00:00,2026-05-13T09:20:19.746166+00:00
4c0f53e8-d61b-4c65-a9f1-a3ed7f631eee,6b67c1fe-36e3-4283-a6ca-dfe4a9adba20,login,[object Object],59.103.122.23,"Mozilla/5.0 (Linux; Android 10; K) AppleWebKit/537.36 (KHTML, like Gecko) Chrome/148.0.0.0 Mobile Safari/537.36",2026-05-13T08:21:32.400409+00:00,2026-05-13T08:21:32.400409+00:00
122395b2-900a-4879-b81c-6e9e03618bb4,6b67c1fe-36e3-4283-a6ca-dfe4a9adba20,logout,[object Object],59.103.122.23,"Mozilla/5.0 (Linux; Android 10; K) AppleWebKit/537.36 (KHTML, like Gecko) Chrome/148.0.0.0 Mobile Safari/537.36",2026-05-13T08:20:03.694887+00:00,2026-05-13T08:20:03.694887+00:00
5a092254-56fd-4652-88a9-49086e75d72b,6b67c1fe-36e3-4283-a6ca-dfe4a9adba20,login,[object Object],59.103.122.23,"Mozilla/5.0 (Linux; Android 10; K) AppleWebKit/537.36 (KHTML, like Gecko) Chrome/148.0.0.0 Mobile Safari/537.36",2026-05-13T05:40:02.554695+00:00,2026-05-13T05:40:02.554695+00:00
af2d2752-d8be-4d88-ac94-d51e1f17c9b2,6b67c1fe-36e3-4283-a6ca-dfe4a9adba20,login,[object Object],37.111.129.158,"Mozilla/5.0 (Linux; Android 10; K) AppleWebKit/537.36 (KHTML, like Gecko) Chrome/147.0.0.0 Mobile Safari/537.36",2026-05-12T17:58:08.958907+00:00,2026-05-12T17:58:08.958907+00:00
e182be55-f1ee-41af-8789-62f43b2d915b,6b67c1fe-36e3-4283-a6ca-dfe4a9adba20,login,[object Object],37.111.143.33,"Mozilla/5.0 (Linux; Android 10; K) AppleWebKit/537.36 (KHTML, like Gecko) Chrome/147.0.0.0 Mobile Safari/537.36",2026-05-12T17:20:37.112479+00:00,2026-05-12T17:20:37.112479+00:00
2ce8ed9e-fad0-45bd-b1bf-94aba7bb07b6,6b67c1fe-36e3-4283-a6ca-dfe4a9adba20,login,[object Object],37.111.145.33,"Mozilla/5.0 (Linux; Android 10; K) AppleWebKit/537.36 (KHTML, like Gecko) Chrome/147.0.0.0 Mobile Safari/537.36",2026-05-12T17:04:10.389359+00:00,2026-05-12T17:04:10.389359+00:00
5f43151a-4ed8-4b26-8d75-d0d460eeda32,6b67c1fe-36e3-4283-a6ca-dfe4a9adba20,login,[object Object],37.111.154.94,"Mozilla/5.0 (Linux; Android 10; K) AppleWebKit/537.36 (KHTML, like Gecko) Chrome/147.0.0.0 Mobile Safari/537.36",2026-05-12T15:48:32.949272+00:00,2026-05-12T15:48:32.949272+00:00
b62be4b3-edba-436e-886b-79d3e03788c3,6b67c1fe-36e3-4283-a6ca-dfe4a9adba20,login,[object Object],59.103.122.23,"Mozilla/5.0 (Linux; Android 10; K) AppleWebKit/537.36 (KHTML, like Gecko) Chrome/147.0.0.0 Mobile Safari/537.36",2026-05-12T10:24:14.911282+00:00,2026-05-12T10:24:14.911282+00:00
609310dc-f291-4403-9563-d88c563166b9,6b67c1fe-36e3-4283-a6ca-dfe4a9adba20,login,[object Object],59.103.122.23,"Mozilla/5.0 (Linux; Android 10; K) AppleWebKit/537.36 (KHTML, like Gecko) Chrome/147.0.0.0 Mobile Safari/537.36",2026-05-12T05:18:37.963483+00:00,2026-05-12T05:18:37.963483+00:00
d8ab7f10-d917-4656-91e9-366436032cf9,6b67c1fe-36e3-4283-a6ca-dfe4a9adba20,login,[object Object],59.103.122.23,"Mozilla/5.0 (Linux; Android 10; K) AppleWebKit/537.36 (KHTML, like Gecko) Chrome/147.0.0.0 Mobile Safari/537.36",2026-05-12T03:51:33.153565+00:00,2026-05-12T03:51:33.153565+00:00
85ba2dc5-8852-4c52-9637-1e137c5d1108,6b67c1fe-36e3-4283-a6ca-dfe4a9adba20,logout,[object Object],59.103.122.23,"Mozilla/5.0 (Linux; Android 10; K) AppleWebKit/537.36 (KHTML, like Gecko) Chrome/147.0.0.0 Mobile Safari/537.36",2026-05-12T03:48:58.906041+00:00,2026-05-12T03:48:58.906041+00:00
0d77164d-b403-4fdb-8073-6dfc92022645,6b67c1fe-36e3-4283-a6ca-dfe4a9adba20,login,[object Object],59.103.122.23,"Mozilla/5.0 (Linux; Android 10; K) AppleWebKit/537.36 (KHTML, like Gecko) Chrome/147.0.0.0 Mobile Safari/537.36",2026-05-12T03:48:42.445884+00:00,2026-05-12T03:48:42.445884+00:00
83260216-c24c-4acd-8c53-fc407f5baadd,6b67c1fe-36e3-4283-a6ca-dfe4a9adba20,logout,[object Object],59.103.122.23,"Mozilla/5.0 (Linux; Android 10; K) AppleWebKit/537.36 (KHTML, like Gecko) Chrome/147.0.0.0 Mobile Safari/537.36",2026-05-12T03:48:22.128719+00:00,2026-05-12T03:48:22.128719+00:00
1a48f55e-1285-409f-a9a7-3049fd592375,6b67c1fe-36e3-4283-a6ca-dfe4a9adba20,login,[object Object],59.103.122.23,"Mozilla/5.0 (Linux; Android 10; K) AppleWebKit/537.36 (KHTML, like Gecko) Chrome/147.0.0.0 Mobile Safari/537.36",2026-05-12T03:46:07.208435+00:00,2026-05-12T03:46:07.208435+00:00
930de0e6-cd69-4641-ab85-598536e71761,6b67c1fe-36e3-4283-a6ca-dfe4a9adba20,login,[object Object],59.103.122.23,"Mozilla/5.0 (Linux; Android 10; K) AppleWebKit/537.36 (KHTML, like Gecko) Chrome/147.0.0.0 Mobile Safari/537.36",2026-05-12T03:43:37.883563+00:00,2026-05-12T03:43:37.883563+00:00
0a3573c2-31b3-4e84-aa5a-a1d61cf9de54,6b67c1fe-36e3-4283-a6ca-dfe4a9adba20,login,[object Object],37.111.135.150,"Mozilla/5.0 (Linux; Android 10; K) AppleWebKit/537.36 (KHTML, like Gecko) Chrome/147.0.0.0 Mobile Safari/537.36",2026-05-11T16:50:52.222503+00:00,2026-05-11T16:50:52.222503+00:00
ccc47e61-a967-442d-b373-5721d0464119,6b67c1fe-36e3-4283-a6ca-dfe4a9adba20,login,[object Object],37.111.149.120,"Mozilla/5.0 (Linux; Android 10; K) AppleWebKit/537.36 (KHTML, like Gecko) Chrome/147.0.0.0 Mobile Safari/537.36",2026-05-11T15:30:28.686694+00:00,2026-05-11T15:30:28.686694+00:00
acb847a7-ae22-4da0-b28a-5322b203ee57,6b67c1fe-36e3-4283-a6ca-dfe4a9adba20,logout,[object Object],37.111.149.120,"Mozilla/5.0 (Linux; Android 10; K) AppleWebKit/537.36 (KHTML, like Gecko) Chrome/147.0.0.0 Mobile Safari/537.36",2026-05-11T14:24:57.641809+00:00,2026-05-11T14:24:57.641809+00:00
3c01c2e2-f591-4c11-9c2d-0b06b448523b,6b67c1fe-36e3-4283-a6ca-dfe4a9adba20,login,[object Object],37.111.149.120,"Mozilla/5.0 (Linux; Android 10; K) AppleWebKit/537.36 (KHTML, like Gecko) Chrome/147.0.0.0 Mobile Safari/537.36",2026-05-11T14:18:34.847529+00:00,2026-05-11T14:18:34.847529+00:00
6674089c-9ab1-4109-b33f-9ed7d512cea8,6b67c1fe-36e3-4283-a6ca-dfe4a9adba20,login,[object Object],59.103.122.23,"Mozilla/5.0 (Linux; Android 10; K) AppleWebKit/537.36 (KHTML, like Gecko) Chrome/147.0.0.0 Mobile Safari/537.36",2026-05-11T11:24:26.904118+00:00,2026-05-11T11:24:26.904118+00:00
8337e8d9-7f6f-4615-af0e-4fc83a1c9901,6b67c1fe-36e3-4283-a6ca-dfe4a9adba20,login,[object Object],154.192.202.215,"Mozilla/5.0 (Linux; Android 10; K) AppleWebKit/537.36 (KHTML, like Gecko) Chrome/147.0.0.0 Mobile Safari/537.36",2026-05-11T10:41:50.915633+00:00,2026-05-11T10:41:50.915633+00:00
2bcce155-7f2d-4036-b971-00f8416db702,6b67c1fe-36e3-4283-a6ca-dfe4a9adba20,login,[object Object],59.103.122.23,"Mozilla/5.0 (Linux; Android 10; K) AppleWebKit/537.36 (KHTML, like Gecko) Chrome/147.0.0.0 Mobile Safari/537.36",2026-05-11T10:39:38.365149+00:00,2026-05-11T10:39:38.365149+00:00
58080a81-86ad-47a2-9ead-a1eca2902dc5,6b67c1fe-36e3-4283-a6ca-dfe4a9adba20,login,[object Object],59.103.122.23,"Mozilla/5.0 (Linux; Android 10; K) AppleWebKit/537.36 (KHTML, like Gecko) Chrome/147.0.0.0 Mobile Safari/537.36",2026-05-11T10:17:47.565219+00:00,2026-05-11T10:17:47.565219+00:00
26699cf3-b5fd-4180-a3a3-9c689c4dfc3f,6b67c1fe-36e3-4283-a6ca-dfe4a9adba20,login,[object Object],59.103.122.23,"Mozilla/5.0 (Linux; Android 10; K) AppleWebKit/537.36 (KHTML, like Gecko) Chrome/147.0.0.0 Mobile Safari/537.36",2026-05-11T10:12:06.454929+00:00,2026-05-11T10:12:06.454929+00:00
1e218f2d-492f-4407-8223-59a87e0d0812,6b67c1fe-36e3-4283-a6ca-dfe4a9adba20,logout,[object Object],59.103.122.23,"Mozilla/5.0 (Linux; Android 10; K) AppleWebKit/537.36 (KHTML, like Gecko) Chrome/147.0.0.0 Mobile Safari/537.36",2026-05-11T10:08:55.176087+00:00,2026-05-11T10:08:55.176087+00:00
502c2875-b978-494b-b8d4-f48f9da533fd,6b67c1fe-36e3-4283-a6ca-dfe4a9adba20,login,[object Object],59.103.122.23,"Mozilla/5.0 (Linux; Android 10; K) AppleWebKit/537.36 (KHTML, like Gecko) Chrome/147.0.0.0 Mobile Safari/537.36",2026-05-11T10:07:53.534558+00:00,2026-05-11T10:07:53.534558+00:00
b8acb1ec-d44a-4d88-b191-65065cb90558,6b67c1fe-36e3-4283-a6ca-dfe4a9adba20,login,[object Object],59.103.122.23,"Mozilla/5.0 (Linux; Android 10; K) AppleWebKit/537.36 (KHTML, like Gecko) Chrome/147.0.0.0 Mobile Safari/537.36",2026-05-11T09:37:24.214433+00:00,2026-05-11T09:37:24.214433+00:00
18db9942-87ba-4186-97a0-d850204e4140,6b67c1fe-36e3-4283-a6ca-dfe4a9adba20,login,[object Object],59.103.122.23,"Mozilla/5.0 (Linux; Android 10; K) AppleWebKit/537.36 (KHTML, like Gecko) Chrome/147.0.0.0 Mobile Safari/537.36",2026-05-11T09:32:59.007417+00:00,2026-05-11T09:32:59.007417+00:00
f7645410-6210-4180-ae9c-2fe7ae4d5ed7,6b67c1fe-36e3-4283-a6ca-dfe4a9adba20,logout,[object Object],59.103.122.23,"Mozilla/5.0 (Linux; Android 10; K) AppleWebKit/537.36 (KHTML, like Gecko) Chrome/147.0.0.0 Mobile Safari/537.36",2026-05-11T09:32:36.451321+00:00,2026-05-11T09:32:36.451321+00:00
f7a1116b-aed0-49d9-9589-09fa3903d134,6b67c1fe-36e3-4283-a6ca-dfe4a9adba20,login,[object Object],59.103.122.23,"Mozilla/5.0 (Linux; Android 10; K) AppleWebKit/537.36 (KHTML, like Gecko) Chrome/147.0.0.0 Mobile Safari/537.36",2026-05-11T09:28:41.035901+00:00,2026-05-11T09:28:41.035901+00:00
dce58370-cb45-48af-95ec-f767ef764f15,9dfc2b05-678b-4b2c-8cd3-7d23152801fa,logout,[object Object],59.103.122.23,"Mozilla/5.0 (Linux; Android 10; K) AppleWebKit/537.36 (KHTML, like Gecko) Chrome/147.0.0.0 Mobile Safari/537.36",2026-05-11T09:23:58.828033+00:00,2026-05-11T09:23:58.828033+00:00
dd6d7d88-3b11-40e6-9e36-c375506b93b8,9dfc2b05-678b-4b2c-8cd3-7d23152801fa,login,[object Object],59.103.122.23,"Mozilla/5.0 (Linux; Android 10; K) AppleWebKit/537.36 (KHTML, like Gecko) Chrome/147.0.0.0 Mobile Safari/537.36",2026-05-11T09:23:26.689962+00:00,2026-05-11T09:23:26.689962+00:00
5c219956-eff4-4dc3-b84e-52ee1b36b181,6b67c1fe-36e3-4283-a6ca-dfe4a9adba20,logout,[object Object],59.103.122.23,"Mozilla/5.0 (Linux; Android 10; K) AppleWebKit/537.36 (KHTML, like Gecko) Chrome/147.0.0.0 Mobile Safari/537.36",2026-05-11T09:22:59.404242+00:00,2026-05-11T09:22:59.404242+00:00
ff18994e-3933-4647-9a7c-d46f187bd475,6b67c1fe-36e3-4283-a6ca-dfe4a9adba20,login,[object Object],59.103.122.23,"Mozilla/5.0 (Linux; Android 10; K) AppleWebKit/537.36 (KHTML, like Gecko) Chrome/147.0.0.0 Mobile Safari/537.36",2026-05-11T09:22:13.122489+00:00,2026-05-11T09:22:13.122489+00:00
6df05f37-744c-482e-a5de-6e070815b5ee,6b67c1fe-36e3-4283-a6ca-dfe4a9adba20,login,[object Object],59.103.122.23,"Mozilla/5.0 (Windows NT 10.0; Win64; x64) AppleWebKit/537.36 (KHTML, like Gecko) Chrome/148.0.0.0 Safari/537.36",2026-05-11T09:08:54.105271+00:00,2026-05-11T09:08:54.105271+00:00
bf014327-3e76-4d14-ad87-e9f86ae6648f,6b67c1fe-36e3-4283-a6ca-dfe4a9adba20,login,[object Object],59.103.122.23,"Mozilla/5.0 (Windows NT 10.0; Win64; x64) AppleWebKit/537.36 (KHTML, like Gecko) Chrome/148.0.0.0 Safari/537.36",2026-05-11T08:54:42.960826+00:00,2026-05-11T08:54:42.960826+00:00
a2f8917d-9ba7-49a0-8c7d-93c64e2a7e4e,6b67c1fe-36e3-4283-a6ca-dfe4a9adba20,login,[object Object],59.103.122.23,"Mozilla/5.0 (Windows NT 10.0; Win64; x64) AppleWebKit/537.36 (KHTML, like Gecko) Chrome/148.0.0.0 Safari/537.36",2026-05-11T08:42:08.684596+00:00,2026-05-11T08:42:08.684596+00:00
59a961fa-98d1-4923-afa1-808340c61cfb,6b67c1fe-36e3-4283-a6ca-dfe4a9adba20,login,[object Object],59.103.122.23,"Mozilla/5.0 (Linux; Android 10; K) AppleWebKit/537.36 (KHTML, like Gecko) Chrome/147.0.0.0 Mobile Safari/537.36",2026-05-11T08:26:53.59509+00:00,2026-05-11T08:26:53.59509+00:00
13a7385b-7bef-4229-8b35-f52ee6558434,6b67c1fe-36e3-4283-a6ca-dfe4a9adba20,login,[object Object],::1,"Mozilla/5.0 (Windows NT 10.0; Win64; x64) AppleWebKit/537.36 (KHTML, like Gecko) Chrome/148.0.0.0 Safari/537.36",2026-05-11T07:53:43.073835+00:00,2026-05-11T07:53:43.073835+00:00
1baa6630-4fe3-43a5-a014-85ae73abdf80,6b67c1fe-36e3-4283-a6ca-dfe4a9adba20,login,[object Object],::1,"Mozilla/5.0 (Windows NT 10.0; Win64; x64) AppleWebKit/537.36 (KHTML, like Gecko) Chrome/148.0.0.0 Safari/537.36",2026-05-11T07:09:09.610388+00:00,2026-05-11T07:09:09.610388+00:00
54df9b04-39aa-41fd-bd24-593e0afcaf09,6b67c1fe-36e3-4283-a6ca-dfe4a9adba20,login,[object Object],59.103.122.23,"Mozilla/5.0 (Linux; Android 10; K) AppleWebKit/537.36 (KHTML, like Gecko) Chrome/147.0.0.0 Mobile Safari/537.36",2026-05-11T03:41:16.955475+00:00,2026-05-11T03:41:16.955475+00:00
cac2156e-d33a-4b47-a6f4-1edccd22b552,6b67c1fe-36e3-4283-a6ca-dfe4a9adba20,login,[object Object],59.103.122.23,"Mozilla/5.0 (Linux; Android 10; K) AppleWebKit/537.36 (KHTML, like Gecko) Chrome/147.0.0.0 Mobile Safari/537.36",2026-05-11T03:14:44.264075+00:00,2026-05-11T03:14:44.264075+00:00
0ae9fb64-50fc-49fc-9022-facda954d973,6b67c1fe-36e3-4283-a6ca-dfe4a9adba20,login,[object Object],::1,"Mozilla/5.0 (Windows NT 10.0; Win64; x64) AppleWebKit/537.36 (KHTML, like Gecko) Chrome/148.0.0.0 Safari/537.36",2026-05-10T15:34:09.133894+00:00,2026-05-10T15:34:09.133894+00:00
7c2a34b9-067c-46f1-8140-0f0cb2cda011,6b67c1fe-36e3-4283-a6ca-dfe4a9adba20,login,[object Object],::1,"Mozilla/5.0 (Windows NT 10.0; Win64; x64) AppleWebKit/537.36 (KHTML, like Gecko) Chrome/148.0.0.0 Safari/537.36",2026-05-10T14:47:46.190696+00:00,2026-05-10T14:47:46.190696+00:00
b1b1c5bf-2f0c-45b1-8bfc-6eee07033f5c,9dfc2b05-678b-4b2c-8cd3-7d23152801fa,logout,[object Object],37.111.143.58,"Mozilla/5.0 (Windows NT 10.0; Win64; x64) AppleWebKit/537.36 (KHTML, like Gecko) Chrome/148.0.0.0 Safari/537.36",2026-05-10T14:25:01.293655+00:00,2026-05-10T14:25:01.293655+00:00
433bcc48-f440-4b17-b4b1-08477a3a04b6,9dfc2b05-678b-4b2c-8cd3-7d23152801fa,login,[object Object],37.111.143.58,"Mozilla/5.0 (Windows NT 10.0; Win64; x64) AppleWebKit/537.36 (KHTML, like Gecko) Chrome/148.0.0.0 Safari/537.36",2026-05-10T14:14:27.612907+00:00,2026-05-10T14:14:27.612907+00:00
794299cb-4cfa-4ef1-aa06-09bd6ba9d235,,cleanup,[object Object],,,2026-05-10T14:02:38.75+00:00,2026-05-10T14:02:40.825078+00:00
b71a71a6-5148-496e-b124-b2722656814f,6b67c1fe-36e3-4283-a6ca-dfe4a9adba20,login,[object Object],37.111.143.58,"Mozilla/5.0 (Windows NT 10.0; Win64; x64) AppleWebKit/537.36 (KHTML, like Gecko) Chrome/148.0.0.0 Safari/537.36",2026-05-10T13:57:13.714354+00:00,2026-05-10T13:57:13.714354+00:00
b0c33747-45bf-488e-99ac-09e2c7fd329b,6b67c1fe-36e3-4283-a6ca-dfe4a9adba20,login,[object Object],37.111.143.58,"Mozilla/5.0 (Linux; Android 13; Redmi 10C Build/TKQ1.221114.001) AppleWebKit/537.36 (KHTML, like Gecko) Chrome/135.0.7049.79 Mobile Safari/537.36 XiaoMi/MiuiBrowser/14.54.0-gn",2026-05-10T13:50:21.006954+00:00,2026-05-10T13:50:21.006954+00:00
5d477018-6bec-4ca8-8172-83a445156d62,6b67c1fe-36e3-4283-a6ca-dfe4a9adba20,login,[object Object],37.111.143.58,"Mozilla/5.0 (Windows NT 10.0; Win64; x64) AppleWebKit/537.36 (KHTML, like Gecko) Chrome/148.0.0.0 Safari/537.36",2026-05-10T13:46:08.305257+00:00,2026-05-10T13:46:08.305257+00:00
80714d23-611c-4632-99a0-20f2d2808aa1,6b67c1fe-36e3-4283-a6ca-dfe4a9adba20,login,[object Object],37.111.146.247,"Mozilla/5.0 (Windows NT 10.0; Win64; x64) AppleWebKit/537.36 (KHTML, like Gecko) Chrome/148.0.0.0 Safari/537.36",2026-05-10T13:24:53.498966+00:00,2026-05-10T13:24:53.498966+00:00
9eeabcd8-6b36-418e-b993-4d5af58a18f2,6b67c1fe-36e3-4283-a6ca-dfe4a9adba20,login,[object Object],::1,"Mozilla/5.0 (Windows NT 10.0; Win64; x64) AppleWebKit/537.36 (KHTML, like Gecko) Chrome/148.0.0.0 Safari/537.36",2026-05-10T11:57:13.849277+00:00,2026-05-10T11:57:13.849277+00:00
bcc053c0-db6f-4924-882a-36da76e5c1a3,6b67c1fe-36e3-4283-a6ca-dfe4a9adba20,logout,[object Object],::1,"Mozilla/5.0 (Windows NT 10.0; Win64; x64) AppleWebKit/537.36 (KHTML, like Gecko) Chrome/148.0.0.0 Safari/537.36",2026-05-10T11:57:02.954162+00:00,2026-05-10T11:57:02.954162+00:00
d6f79e9a-a95d-463a-9075-bbdc850d8d82,6b67c1fe-36e3-4283-a6ca-dfe4a9adba20,login,[object Object],::1,"Mozilla/5.0 (Windows NT 10.0; Win64; x64) AppleWebKit/537.36 (KHTML, like Gecko) Chrome/148.0.0.0 Safari/537.36",2026-05-10T11:49:36.208577+00:00,2026-05-10T11:49:36.208577+00:00
3bf8fdb7-d47c-49ae-be07-3bbe7e1fc1a6,6b67c1fe-36e3-4283-a6ca-dfe4a9adba20,login,[object Object],::1,"Mozilla/5.0 (Windows NT 10.0; Win64; x64) AppleWebKit/537.36 (KHTML, like Gecko) Chrome/148.0.0.0 Safari/537.36",2026-05-10T11:41:47.330107+00:00,2026-05-10T11:41:47.330107+00:00
7923293e-1f9f-493d-bb46-d286e598856c,6b67c1fe-36e3-4283-a6ca-dfe4a9adba20,login,[object Object],::ffff:10.30.198.135,"Mozilla/5.0 (Linux; Android 10; K) AppleWebKit/537.36 (KHTML, like Gecko) Chrome/147.0.0.0 Mobile Safari/537.36",2026-05-10T10:55:13.861062+00:00,2026-05-10T10:55:13.861062+00:00
afee014e-4ddc-4fd8-89f3-2c3d87656c0b,6b67c1fe-36e3-4283-a6ca-dfe4a9adba20,login,[object Object],::ffff:10.30.198.135,"Mozilla/5.0 (Linux; Android 10; K) AppleWebKit/537.36 (KHTML, like Gecko) Chrome/147.0.0.0 Mobile Safari/537.36",2026-05-10T10:54:45.492893+00:00,2026-05-10T10:54:45.492893+00:00
7c96be2a-4dee-47f5-9c6c-4b937f56904a,6b67c1fe-36e3-4283-a6ca-dfe4a9adba20,login,[object Object],::1,"Mozilla/5.0 (Windows NT 10.0; Win64; x64) AppleWebKit/537.36 (KHTML, like Gecko) Chrome/148.0.0.0 Safari/537.36",2026-05-10T10:44:59.556323+00:00,2026-05-10T10:44:59.556323+00:00
a6b8d363-f659-4902-9fbb-b7515296c8c1,9dfc2b05-678b-4b2c-8cd3-7d23152801fa,logout,[object Object],::1,"Mozilla/5.0 (Windows NT 10.0; Win64; x64) AppleWebKit/537.36 (KHTML, like Gecko) Chrome/147.0.0.0 Safari/537.36",2026-05-10T10:00:37.475674+00:00,2026-05-10T10:00:37.475674+00:00
cf9e6246-ae4f-49f3-92a1-55b25d87b0f1,9dfc2b05-678b-4b2c-8cd3-7d23152801fa,login,[object Object],::1,"Mozilla/5.0 (Windows NT 10.0; Win64; x64) AppleWebKit/537.36 (KHTML, like Gecko) Chrome/147.0.0.0 Safari/537.36",2026-05-10T09:59:49.872296+00:00,2026-05-10T09:59:49.872296+00:00
c0700747-f58b-4939-ae29-bc6a3311a95f,6b67c1fe-36e3-4283-a6ca-dfe4a9adba20,logout,[object Object],::1,"Mozilla/5.0 (Windows NT 10.0; Win64; x64) AppleWebKit/537.36 (KHTML, like Gecko) Chrome/147.0.0.0 Safari/537.36",2026-05-10T09:59:23.592595+00:00,2026-05-10T09:59:23.592595+00:00
46d8d913-3f52-447d-9bc2-2b68f2831775,6b67c1fe-36e3-4283-a6ca-dfe4a9adba20,login,[object Object],::1,"Mozilla/5.0 (Windows NT 10.0; Win64; x64) AppleWebKit/537.36 (KHTML, like Gecko) Chrome/147.0.0.0 Safari/537.36",2026-05-10T09:46:55.744726+00:00,2026-05-10T09:46:55.744726+00:00
d678f428-eb56-433e-9879-744f323b224d,,logout,[object Object],::1,"Mozilla/5.0 (Windows NT 10.0; Win64; x64) AppleWebKit/537.36 (KHTML, like Gecko) Chrome/147.0.0.0 Safari/537.36",2026-05-10T09:46:45.348677+00:00,2026-05-10T09:47:31.263973+00:00
46b13799-194f-42a2-830d-8524a879baac,,login,[object Object],::1,"Mozilla/5.0 (Windows NT 10.0; Win64; x64) AppleWebKit/537.36 (KHTML, like Gecko) Chrome/147.0.0.0 Safari/537.36",2026-05-10T09:46:33.869227+00:00,2026-05-10T09:47:31.263973+00:00
323424a8-a54d-4a37-84f9-e1dc0ee79cd4,6b67c1fe-36e3-4283-a6ca-dfe4a9adba20,logout,[object Object],::1,"Mozilla/5.0 (Windows NT 10.0; Win64; x64) AppleWebKit/537.36 (KHTML, like Gecko) Chrome/147.0.0.0 Safari/537.36",2026-05-10T09:46:22.750278+00:00,2026-05-10T09:46:22.750278+00:00
3a290f87-da0b-4224-b72c-fe04fdff9dda,6b67c1fe-36e3-4283-a6ca-dfe4a9adba20,login,[object Object],::1,"Mozilla/5.0 (Windows NT 10.0; Win64; x64) AppleWebKit/537.36 (KHTML, like Gecko) Chrome/147.0.0.0 Safari/537.36",2026-05-10T09:45:07.590635+00:00,2026-05-10T09:45:07.590635+00:00
3eefba9f-dd42-49ce-885f-783583092ec7,9dfc2b05-678b-4b2c-8cd3-7d23152801fa,logout,[object Object],::1,"Mozilla/5.0 (Windows NT 10.0; Win64; x64) AppleWebKit/537.36 (KHTML, like Gecko) Chrome/147.0.0.0 Safari/537.36",2026-05-10T09:44:51.802682+00:00,2026-05-10T09:44:51.802682+00:00
943eb63f-782b-4556-9367-157b8c6cb384,9dfc2b05-678b-4b2c-8cd3-7d23152801fa,login,[object Object],::1,"Mozilla/5.0 (Windows NT 10.0; Win64; x64) AppleWebKit/537.36 (KHTML, like Gecko) Chrome/147.0.0.0 Safari/537.36",2026-05-10T09:43:34.649383+00:00,2026-05-10T09:43:34.649383+00:00
16ce70a5-28e9-4b1a-8547-c70655fb0598,6b67c1fe-36e3-4283-a6ca-dfe4a9adba20,logout,[object Object],::1,"Mozilla/5.0 (Windows NT 10.0; Win64; x64) AppleWebKit/537.36 (KHTML, like Gecko) Chrome/147.0.0.0 Safari/537.36",2026-05-10T09:42:38.705717+00:00,2026-05-10T09:42:38.705717+00:00
50d3499e-849f-4501-a284-8830b835b0b8,6b67c1fe-36e3-4283-a6ca-dfe4a9adba20,login,[object Object],::1,"Mozilla/5.0 (Windows NT 10.0; Win64; x64) AppleWebKit/537.36 (KHTML, like Gecko) Chrome/147.0.0.0 Safari/537.36",2026-05-10T09:31:12.649098+00:00,2026-05-10T09:31:12.649098+00:00
74144c5b-0ea5-4412-96ef-45fd18931161,6b67c1fe-36e3-4283-a6ca-dfe4a9adba20,login,[object Object],::1,"Mozilla/5.0 (Windows NT 10.0; Win64; x64) AppleWebKit/537.36 (KHTML, like Gecko) Chrome/147.0.0.0 Safari/537.36",2026-05-10T08:43:51.681348+00:00,2026-05-10T08:43:51.681348+00:00
6be30c6b-64b9-4488-8844-7fc1e436a808,6b67c1fe-36e3-4283-a6ca-dfe4a9adba20,login,[object Object],::1,"Mozilla/5.0 (Windows NT 10.0; Win64; x64) AppleWebKit/537.36 (KHTML, like Gecko) Chrome/147.0.0.0 Safari/537.36",2026-05-10T08:13:00.154793+00:00,2026-05-10T08:13:00.154793+00:00
f3da673b-df74-40fc-9655-17d38f0ebfd8,6b67c1fe-36e3-4283-a6ca-dfe4a9adba20,login,[object Object],::1,"Mozilla/5.0 (Windows NT 10.0; Win64; x64) AppleWebKit/537.36 (KHTML, like Gecko) Chrome/147.0.0.0 Safari/537.36",2026-05-10T07:09:56.190366+00:00,2026-05-10T07:09:56.190366+00:00
13fbf288-4212-4043-8b4f-2834f247be33,6b67c1fe-36e3-4283-a6ca-dfe4a9adba20,login,[object Object],::1,"Mozilla/5.0 (Windows NT 10.0; Win64; x64) AppleWebKit/537.36 (KHTML, like Gecko) Chrome/147.0.0.0 Safari/537.36",2026-05-10T06:15:51.329755+00:00,2026-05-10T06:15:51.329755+00:00
7b5b66f8-c26d-4f0c-bbfb-cc6fce0c7ef7,6b67c1fe-36e3-4283-a6ca-dfe4a9adba20,login,[object Object],::1,"Mozilla/5.0 (Windows NT 10.0; Win64; x64) AppleWebKit/537.36 (KHTML, like Gecko) Chrome/147.0.0.0 Safari/537.36",2026-05-10T05:15:49.167863+00:00,2026-05-10T05:15:49.167863+00:00
0dd178ba-15d0-4e15-93fd-44dbb4f3bed5,6b67c1fe-36e3-4283-a6ca-dfe4a9adba20,login,[object Object],::1,"Mozilla/5.0 (Windows NT 10.0; Win64; x64) AppleWebKit/537.36 (KHTML, like Gecko) Chrome/147.0.0.0 Safari/537.36",2026-05-10T04:59:38.554649+00:00,2026-05-10T04:59:38.554649+00:00
fcb739e1-9619-4da9-b3ad-47c3d080d4e8,6b67c1fe-36e3-4283-a6ca-dfe4a9adba20,login,[object Object],::1,"Mozilla/5.0 (Windows NT 10.0; Win64; x64) AppleWebKit/537.36 (KHTML, like Gecko) Chrome/147.0.0.0 Safari/537.36",2026-05-10T03:33:40.677271+00:00,2026-05-10T03:33:40.677271+00:00
e50d7850-d59f-4fe8-9e71-aed69ade8d04,6b67c1fe-36e3-4283-a6ca-dfe4a9adba20,login,[object Object],::1,"Mozilla/5.0 (Windows NT 10.0; Win64; x64) AppleWebKit/537.36 (KHTML, like Gecko) Chrome/147.0.0.0 Safari/537.36",2026-05-09T14:52:14.379894+00:00,2026-05-10T02:58:23.996788+00:00
f16476e7-2210-4752-9b98-77a4ca2c13cd,6b67c1fe-36e3-4283-a6ca-dfe4a9adba20,logout,[object Object],::1,"Mozilla/5.0 (Windows NT 10.0; Win64; x64) AppleWebKit/537.36 (KHTML, like Gecko) Chrome/147.0.0.0 Safari/537.36",2026-05-09T14:52:02.762878+00:00,2026-05-10T02:58:23.996788+00:00
d823c49d-0db8-4240-a1e3-c14c554abcdf,6b67c1fe-36e3-4283-a6ca-dfe4a9adba20,login,[object Object],::1,curl/8.18.0,2026-05-09T12:10:25.384082+00:00,2026-05-10T02:58:23.996788+00:00
169c6ebf-3b0f-4363-be8e-392a8753b705,6b67c1fe-36e3-4283-a6ca-dfe4a9adba20,login,[object Object],::1,curl/8.18.0,2026-05-09T12:07:09.27702+00:00,2026-05-10T02:58:23.996788+00:00
7ba45f98-a84c-4fe3-812f-9b08c45a4053,6b67c1fe-36e3-4283-a6ca-dfe4a9adba20,login,[object Object],::1,"Mozilla/5.0 (Windows NT 10.0; Win64; x64) AppleWebKit/537.36 (KHTML, like Gecko) Chrome/147.0.0.0 Safari/537.36",2026-05-09T11:03:51.18534+00:00,2026-05-10T02:58:23.996788+00:00
b7b9ffe3-6039-4361-b97f-1f1b6be2a4f0,9dfc2b05-678b-4b2c-8cd3-7d23152801fa,logout,[object Object],::1,"Mozilla/5.0 (Windows NT 10.0; Win64; x64) AppleWebKit/537.36 (KHTML, like Gecko) Chrome/147.0.0.0 Safari/537.36",2026-05-09T11:03:39.741623+00:00,2026-05-10T02:58:23.996788+00:00
fc181c20-618d-4d5e-b222-ac01f70893bf,9dfc2b05-678b-4b2c-8cd3-7d23152801fa,login,[object Object],::1,"Mozilla/5.0 (Windows NT 10.0; Win64; x64) AppleWebKit/537.36 (KHTML, like Gecko) Chrome/147.0.0.0 Safari/537.36",2026-05-09T11:01:42.588847+00:00,2026-05-10T02:58:23.996788+00:00
c4d3265a-b6e7-4d81-a210-2be3d8a20ac7,9dfc2b05-678b-4b2c-8cd3-7d23152801fa,login,[object Object],::1,"Mozilla/5.0 (Windows NT 10.0; Win64; x64) AppleWebKit/537.36 (KHTML, like Gecko) Chrome/147.0.0.0 Safari/537.36",2026-05-09T10:25:20.490754+00:00,2026-05-10T02:58:23.996788+00:00
42716b4b-051f-4365-b126-9b3382838f47,9dfc2b05-678b-4b2c-8cd3-7d23152801fa,logout,[object Object],::1,"Mozilla/5.0 (Windows NT 10.0; Win64; x64) AppleWebKit/537.36 (KHTML, like Gecko) Chrome/147.0.0.0 Safari/537.36",2026-05-09T09:52:00.054442+00:00,2026-05-10T02:58:23.996788+00:00
e7e832bf-247c-4316-be30-185b0303b387,9dfc2b05-678b-4b2c-8cd3-7d23152801fa,login,[object Object],::1,"Mozilla/5.0 (Windows NT 10.0; Win64; x64) AppleWebKit/537.36 (KHTML, like Gecko) Chrome/147.0.0.0 Safari/537.36",2026-05-09T09:50:34.138336+00:00,2026-05-10T02:58:23.996788+00:00
f464609b-b9fc-459a-b0be-95c553cd3cbd,6b67c1fe-36e3-4283-a6ca-dfe4a9adba20,logout,[object Object],::1,"Mozilla/5.0 (Windows NT 10.0; Win64; x64) AppleWebKit/537.36 (KHTML, like Gecko) Chrome/147.0.0.0 Safari/537.36",2026-05-09T09:50:19.444701+00:00,2026-05-10T02:58:23.996788+00:00
b1561abd-9adc-4172-88b0-275459391686,6b67c1fe-36e3-4283-a6ca-dfe4a9adba20,login,[object Object],::1,"Mozilla/5.0 (Windows NT 10.0; Win64; x64) AppleWebKit/537.36 (KHTML, like Gecko) Chrome/147.0.0.0 Safari/537.36",2026-05-09T09:02:49.981165+00:00,2026-05-10T02:58:23.996788+00:00
83f292b1-8ddb-457f-96d9-f927ad97d138,9dfc2b05-678b-4b2c-8cd3-7d23152801fa,logout,[object Object],::1,"Mozilla/5.0 (Windows NT 10.0; Win64; x64) AppleWebKit/537.36 (KHTML, like Gecko) Chrome/147.0.0.0 Safari/537.36",2026-05-09T09:02:40.172488+00:00,2026-05-10T02:58:23.996788+00:00
a906c24f-984d-431d-ad0c-80bd826c981b,9dfc2b05-678b-4b2c-8cd3-7d23152801fa,login,[object Object],::1,"Mozilla/5.0 (Windows NT 10.0; Win64; x64) AppleWebKit/537.36 (KHTML, like Gecko) Chrome/147.0.0.0 Safari/537.36",2026-05-09T09:01:21.227523+00:00,2026-05-10T02:58:23.996788+00:00
b8469f88-299c-4dd2-b6c4-f9ca3977c7eb,6b67c1fe-36e3-4283-a6ca-dfe4a9adba20,login,[object Object],37.111.135.57,"Mozilla/5.0 (Linux; Android 10; K) AppleWebKit/537.36 (KHTML, like Gecko) Chrome/147.0.0.0 Mobile Safari/537.36",2026-05-09T08:42:10.997788+00:00,2026-05-10T02:58:23.996788+00:00
b9150e3e-c6b9-423c-9f6a-3b2ddcaa5522,9dfc2b05-678b-4b2c-8cd3-7d23152801fa,logout,[object Object],37.111.135.57,"Mozilla/5.0 (Linux; Android 10; K) AppleWebKit/537.36 (KHTML, like Gecko) Chrome/147.0.0.0 Mobile Safari/537.36",2026-05-09T08:41:56.731396+00:00,2026-05-10T02:58:23.996788+00:00
6cc1b36c-6958-4a30-9249-1d4030afc0f8,9dfc2b05-678b-4b2c-8cd3-7d23152801fa,login,[object Object],37.111.135.57,"Mozilla/5.0 (Linux; Android 10; K) AppleWebKit/537.36 (KHTML, like Gecko) Chrome/147.0.0.0 Mobile Safari/537.36",2026-05-09T08:35:03.25099+00:00,2026-05-10T02:58:23.996788+00:00
c689b282-8c86-4bac-bbdd-f8e466fe0b98,9dfc2b05-678b-4b2c-8cd3-7d23152801fa,logout,[object Object],37.111.135.57,"Mozilla/5.0 (Linux; Android 10; K) AppleWebKit/537.36 (KHTML, like Gecko) Chrome/147.0.0.0 Mobile Safari/537.36",2026-05-09T08:34:29.848547+00:00,2026-05-10T02:58:23.996788+00:00
78ea09b4-19ec-47e8-881e-7a1f5c091c47,9dfc2b05-678b-4b2c-8cd3-7d23152801fa,login,[object Object],37.111.135.57,"Mozilla/5.0 (Linux; Android 10; K) AppleWebKit/537.36 (KHTML, like Gecko) Chrome/147.0.0.0 Mobile Safari/537.36",2026-05-09T08:32:52.065001+00:00,2026-05-10T02:58:23.996788+00:00
8822e115-dfb9-410d-85e2-4d122b02feec,6b67c1fe-36e3-4283-a6ca-dfe4a9adba20,login,[object Object],37.111.135.57,"Mozilla/5.0 (Linux; Android 10; K) AppleWebKit/537.36 (KHTML, like Gecko) Chrome/147.0.0.0 Mobile Safari/537.36",2026-05-09T08:24:47.851575+00:00,2026-05-10T02:58:23.996788+00:00
26d8476f-93ed-4fef-9b07-52a78e1e4ba1,6b67c1fe-36e3-4283-a6ca-dfe4a9adba20,login,[object Object],::ffff:192.168.132.128,"Mozilla/5.0 (Linux; Android 10; K) AppleWebKit/537.36 (KHTML, like Gecko) Chrome/147.0.0.0 Mobile Safari/537.36",2026-05-09T07:02:59.58279+00:00,2026-05-10T02:58:23.996788+00:00
44bd8592-fb44-466d-98f6-30e2c96198a9,6b67c1fe-36e3-4283-a6ca-dfe4a9adba20,login,[object Object],::ffff:192.168.132.128,"Mozilla/5.0 (Linux; Android 10; K) AppleWebKit/537.36 (KHTML, like Gecko) Chrome/147.0.0.0 Mobile Safari/537.36",2026-05-09T06:32:48.876666+00:00,2026-05-10T02:58:23.996788+00:00
82268a6b-9b9b-4112-9434-8d0af275ee1e,6b67c1fe-36e3-4283-a6ca-dfe4a9adba20,login,[object Object],::ffff:192.168.132.128,"Mozilla/5.0 (Linux; Android 10; K) AppleWebKit/537.36 (KHTML, like Gecko) Chrome/147.0.0.0 Mobile Safari/537.36",2026-05-09T06:31:53.452419+00:00,2026-05-10T02:58:23.996788+00:00
0883de5f-1835-40f8-936a-f8d5d5692c85,6b67c1fe-36e3-4283-a6ca-dfe4a9adba20,login,[object Object],::ffff:192.168.132.128,"Mozilla/5.0 (Linux; Android 10; K) AppleWebKit/537.36 (KHTML, like Gecko) Chrome/147.0.0.0 Mobile Safari/537.36",2026-05-09T06:30:53.931901+00:00,2026-05-10T02:58:23.996788+00:00
b92afaf3-a9ac-447c-afbf-f14368692cc6,6b67c1fe-36e3-4283-a6ca-dfe4a9adba20,login,[object Object],::ffff:192.168.132.128,"Mozilla/5.0 (Linux; Android 10; K) AppleWebKit/537.36 (KHTML, like Gecko) Chrome/147.0.0.0 Mobile Safari/537.36",2026-05-09T06:30:12.991814+00:00,2026-05-10T02:58:23.996788+00:00
c574b901-be7a-4e36-8e1e-77acc081b35a,6b67c1fe-36e3-4283-a6ca-dfe4a9adba20,login,[object Object],::1,"Mozilla/5.0 (Windows NT 10.0; Win64; x64) AppleWebKit/537.36 (KHTML, like Gecko) Chrome/147.0.0.0 Safari/537.36",2026-05-09T06:23:37.215291+00:00,2026-05-10T02:58:23.996788+00:00
c69c2af4-26db-4250-80f4-2acd1b7b0cef,9dfc2b05-678b-4b2c-8cd3-7d23152801fa,login,[object Object],::1,"Mozilla/5.0 (Windows NT 10.0; Win64; x64) AppleWebKit/537.36 (KHTML, like Gecko) Chrome/147.0.0.0 Safari/537.36",2026-05-09T06:22:01.9867+00:00,2026-05-10T02:58:23.996788+00:00
33f0625e-3841-4b5e-ab9e-d310bf233419,6b67c1fe-36e3-4283-a6ca-dfe4a9adba20,login,[object Object],::1,"Mozilla/5.0 (Windows NT 10.0; Win64; x64) AppleWebKit/537.36 (KHTML, like Gecko) Chrome/147.0.0.0 Safari/537.36",2026-05-09T06:20:53.537519+00:00,2026-05-10T02:58:23.996788+00:00
85158c1a-979d-450d-a2e5-46ca19d38d90,6b67c1fe-36e3-4283-a6ca-dfe4a9adba20,logout,[object Object],::1,"Mozilla/5.0 (Windows NT 10.0; Win64; x64) AppleWebKit/537.36 (KHTML, like Gecko) Chrome/147.0.0.0 Safari/537.36",2026-05-08T21:10:48.5351+00:00,2026-05-10T02:58:23.996788+00:00
8fe5e44f-08ae-4d94-bc32-3f5df83c42a5,6b67c1fe-36e3-4283-a6ca-dfe4a9adba20,login,[object Object],::1,"Mozilla/5.0 (Windows NT 10.0; Win64; x64) AppleWebKit/537.36 (KHTML, like Gecko) Chrome/147.0.0.0 Safari/537.36",2026-05-08T20:58:29.59085+00:00,2026-05-10T02:58:23.996788+00:00
f8b6e14c-92dc-426a-b85a-e453cfd60c6f,9dfc2b05-678b-4b2c-8cd3-7d23152801fa,logout,[object Object],::1,"Mozilla/5.0 (Windows NT 10.0; Win64; x64) AppleWebKit/537.36 (KHTML, like Gecko) Chrome/147.0.0.0 Safari/537.36",2026-05-08T20:58:08.835496+00:00,2026-05-10T02:58:23.996788+00:00
d9463fb9-a996-4582-a09e-0e1d3b05e9b0,9dfc2b05-678b-4b2c-8cd3-7d23152801fa,login,[object Object],::1,"Mozilla/5.0 (Windows NT 10.0; Win64; x64) AppleWebKit/537.36 (KHTML, like Gecko) Chrome/147.0.0.0 Safari/537.36",2026-05-08T20:57:42.277141+00:00,2026-05-10T02:58:23.996788+00:00
9bf42a3a-c359-4104-9a71-3f0c0db68dea,9dfc2b05-678b-4b2c-8cd3-7d23152801fa,logout,[object Object],::1,"Mozilla/5.0 (Windows NT 10.0; Win64; x64) AppleWebKit/537.36 (KHTML, like Gecko) Chrome/147.0.0.0 Safari/537.36",2026-05-08T20:57:25.116252+00:00,2026-05-10T02:58:23.996788+00:00
e185565f-40ab-4fe5-8589-3effb65d8ca2,9dfc2b05-678b-4b2c-8cd3-7d23152801fa,login,[object Object],::1,"Mozilla/5.0 (Windows NT 10.0; Win64; x64) AppleWebKit/537.36 (KHTML, like Gecko) Chrome/147.0.0.0 Safari/537.36",2026-05-08T20:57:18.793666+00:00,2026-05-10T02:58:23.996788+00:00
6c819b80-acd7-4052-83cd-94df190a758c,6b67c1fe-36e3-4283-a6ca-dfe4a9adba20,logout,[object Object],::1,"Mozilla/5.0 (Windows NT 10.0; Win64; x64) AppleWebKit/537.36 (KHTML, like Gecko) Chrome/147.0.0.0 Safari/537.36",2026-05-08T20:56:58.784824+00:00,2026-05-10T02:58:23.996788+00:00
1a9af7c6-660f-418d-a9eb-6f4c33a68fb3,6b67c1fe-36e3-4283-a6ca-dfe4a9adba20,login,[object Object],::1,"Mozilla/5.0 (Windows NT 10.0; Win64; x64) AppleWebKit/537.36 (KHTML, like Gecko) Chrome/147.0.0.0 Safari/537.36",2026-05-08T20:55:22.595911+00:00,2026-05-10T02:58:23.996788+00:00